<?xml version="1.0" encoding="UTF-8"?>
<root>
  <item name="com.google.android.accessibility.utils.volumebutton.SingleVolumeButtonPressPatternMatcher SingleVolumeButtonPressPatternMatcher(int, int) 0">
    <annotation name="androidx.annotation.IntDef">
      <val name="value" val="{com.google.android.accessibility.utils.volumebutton.VolumeButtonPatternDetector.SHORT_PRESS_PATTERN, com.google.android.accessibility.utils.volumebutton.VolumeButtonPatternDetector.LONG_PRESS_PATTERN, com.google.android.accessibility.utils.volumebutton.VolumeButtonPatternDetector.SHORT_DOUBLE_PRESS_PATTERN}" />
    </annotation>
  </item>
  <item name="com.google.android.accessibility.utils.volumebutton.SingleVolumeButtonPressPatternMatcher patternCode">
    <annotation name="androidx.annotation.IntDef">
      <val name="value" val="{com.google.android.accessibility.utils.volumebutton.VolumeButtonPatternDetector.SHORT_PRESS_PATTERN, com.google.android.accessibility.utils.volumebutton.VolumeButtonPatternDetector.LONG_PRESS_PATTERN, com.google.android.accessibility.utils.volumebutton.VolumeButtonPatternDetector.SHORT_DOUBLE_PRESS_PATTERN}" />
    </annotation>
  </item>
  <item name="com.google.android.accessibility.utils.volumebutton.VolumeButtonPatternDetector void notifyPatternMatched(int, int, com.google.android.accessibility.utils.Performance.EventId) 0">
    <annotation name="androidx.annotation.IntDef">
      <val name="value" val="{com.google.android.accessibility.utils.volumebutton.VolumeButtonPatternDetector.SHORT_PRESS_PATTERN, com.google.android.accessibility.utils.volumebutton.VolumeButtonPatternDetector.LONG_PRESS_PATTERN, com.google.android.accessibility.utils.volumebutton.VolumeButtonPatternDetector.SHORT_DOUBLE_PRESS_PATTERN}" />
    </annotation>
  </item>
  <item name="com.google.android.accessibility.utils.volumebutton.VolumeButtonPatternDetector void notifyPatternMatched(int, int, com.google.android.accessibility.utils.Performance.EventId) 1">
    <annotation name="androidx.annotation.IntDef">
      <val name="value" val="{com.google.android.accessibility.utils.volumebutton.VolumeButtonPatternDetector.VOLUME_UP, com.google.android.accessibility.utils.volumebutton.VolumeButtonPatternDetector.VOLUME_DOWN, com.google.android.accessibility.utils.volumebutton.VolumeButtonPatternDetector.TWO_BUTTONS, com.google.android.accessibility.utils.volumebutton.VolumeButtonPatternDetector.PLAY_PAUSE}" />
    </annotation>
  </item>
  <item name="com.google.android.accessibility.utils.volumebutton.VolumeButtonPatternDetector.ButtonSequence">
    <annotation name="androidx.annotation.IntDef">
      <val name="value" val="{com.google.android.accessibility.utils.volumebutton.VolumeButtonPatternDetector.SHORT_PRESS_PATTERN, com.google.android.accessibility.utils.volumebutton.VolumeButtonPatternDetector.LONG_PRESS_PATTERN, com.google.android.accessibility.utils.volumebutton.VolumeButtonPatternDetector.SHORT_DOUBLE_PRESS_PATTERN}" />
    </annotation>
  </item>
  <item name="com.google.android.accessibility.utils.volumebutton.VolumeButtonPatternDetector.ButtonsUsed">
    <annotation name="androidx.annotation.IntDef">
      <val name="value" val="{com.google.android.accessibility.utils.volumebutton.VolumeButtonPatternDetector.VOLUME_UP, com.google.android.accessibility.utils.volumebutton.VolumeButtonPatternDetector.VOLUME_DOWN, com.google.android.accessibility.utils.volumebutton.VolumeButtonPatternDetector.TWO_BUTTONS, com.google.android.accessibility.utils.volumebutton.VolumeButtonPatternDetector.PLAY_PAUSE}" />
    </annotation>
  </item>
  <item name="com.google.android.accessibility.utils.volumebutton.VolumeButtonPatternDetector.OnPatternMatchListener void onPatternMatched(int, int, com.google.android.accessibility.utils.Performance.EventId) 0">
    <annotation name="androidx.annotation.IntDef">
      <val name="value" val="{com.google.android.accessibility.utils.volumebutton.VolumeButtonPatternDetector.SHORT_PRESS_PATTERN, com.google.android.accessibility.utils.volumebutton.VolumeButtonPatternDetector.LONG_PRESS_PATTERN, com.google.android.accessibility.utils.volumebutton.VolumeButtonPatternDetector.SHORT_DOUBLE_PRESS_PATTERN}" />
    </annotation>
  </item>
  <item name="com.google.android.accessibility.utils.volumebutton.VolumeButtonPatternDetector.OnPatternMatchListener void onPatternMatched(int, int, com.google.android.accessibility.utils.Performance.EventId) 1">
    <annotation name="androidx.annotation.IntDef">
      <val name="value" val="{com.google.android.accessibility.utils.volumebutton.VolumeButtonPatternDetector.VOLUME_UP, com.google.android.accessibility.utils.volumebutton.VolumeButtonPatternDetector.VOLUME_DOWN, com.google.android.accessibility.utils.volumebutton.VolumeButtonPatternDetector.TWO_BUTTONS, com.google.android.accessibility.utils.volumebutton.VolumeButtonPatternDetector.PLAY_PAUSE}" />
    </annotation>
  </item>
  <item name="com.google.android.accessibility.utils.volumebutton.VolumeButtonPatternMatcher VolumeButtonPatternMatcher(int, int) 0">
    <annotation name="androidx.annotation.IntDef">
      <val name="value" val="{com.google.android.accessibility.utils.volumebutton.VolumeButtonPatternDetector.SHORT_PRESS_PATTERN, com.google.android.accessibility.utils.volumebutton.VolumeButtonPatternDetector.LONG_PRESS_PATTERN, com.google.android.accessibility.utils.volumebutton.VolumeButtonPatternDetector.SHORT_DOUBLE_PRESS_PATTERN}" />
    </annotation>
  </item>
  <item name="com.google.android.accessibility.utils.volumebutton.VolumeButtonPatternMatcher VolumeButtonPatternMatcher(int, int) 1">
    <annotation name="androidx.annotation.IntDef">
      <val name="value" val="{com.google.android.accessibility.utils.volumebutton.VolumeButtonPatternDetector.VOLUME_UP, com.google.android.accessibility.utils.volumebutton.VolumeButtonPatternDetector.VOLUME_DOWN, com.google.android.accessibility.utils.volumebutton.VolumeButtonPatternDetector.TWO_BUTTONS, com.google.android.accessibility.utils.volumebutton.VolumeButtonPatternDetector.PLAY_PAUSE}" />
    </annotation>
  </item>
  <item name="com.google.android.accessibility.utils.volumebutton.VolumeButtonPatternMatcher int getButtonCombination()">
    <annotation name="androidx.annotation.IntDef">
      <val name="value" val="{com.google.android.accessibility.utils.volumebutton.VolumeButtonPatternDetector.VOLUME_UP, com.google.android.accessibility.utils.volumebutton.VolumeButtonPatternDetector.VOLUME_DOWN, com.google.android.accessibility.utils.volumebutton.VolumeButtonPatternDetector.TWO_BUTTONS, com.google.android.accessibility.utils.volumebutton.VolumeButtonPatternDetector.PLAY_PAUSE}" />
    </annotation>
  </item>
  <item name="com.google.android.accessibility.utils.volumebutton.VolumeButtonPatternMatcher int getPatternCode()">
    <annotation name="androidx.annotation.IntDef">
      <val name="value" val="{com.google.android.accessibility.utils.volumebutton.VolumeButtonPatternDetector.SHORT_PRESS_PATTERN, com.google.android.accessibility.utils.volumebutton.VolumeButtonPatternDetector.LONG_PRESS_PATTERN, com.google.android.accessibility.utils.volumebutton.VolumeButtonPatternDetector.SHORT_DOUBLE_PRESS_PATTERN}" />
    </annotation>
  </item>
  <item name="com.google.android.accessibility.utils.volumebutton.VolumeButtonPatternMatcher mButtonCombination">
    <annotation name="androidx.annotation.IntDef">
      <val name="value" val="{com.google.android.accessibility.utils.volumebutton.VolumeButtonPatternDetector.VOLUME_UP, com.google.android.accessibility.utils.volumebutton.VolumeButtonPatternDetector.VOLUME_DOWN, com.google.android.accessibility.utils.volumebutton.VolumeButtonPatternDetector.TWO_BUTTONS, com.google.android.accessibility.utils.volumebutton.VolumeButtonPatternDetector.PLAY_PAUSE}" />
    </annotation>
  </item>
  <item name="com.google.android.accessibility.utils.volumebutton.VolumeButtonPatternMatcher mPatternCode">
    <annotation name="androidx.annotation.IntDef">
      <val name="value" val="{com.google.android.accessibility.utils.volumebutton.VolumeButtonPatternDetector.SHORT_PRESS_PATTERN, com.google.android.accessibility.utils.volumebutton.VolumeButtonPatternDetector.LONG_PRESS_PATTERN, com.google.android.accessibility.utils.volumebutton.VolumeButtonPatternDetector.SHORT_DOUBLE_PRESS_PATTERN}" />
    </annotation>
  </item>
</root>

