<?xml version="1.0" encoding="UTF-8"?>
<root>
  <item name="com.google.android.accessibility.talkback.AutoValue_Feedback_FocusDirection int htmlTargetType()">
    <annotation name="androidx.annotation.IntDef">
      <val name="value" val="{com.google.android.accessibility.talkback.focusmanagement.NavigationTarget.TARGET_DEFAULT, com.google.android.accessibility.talkback.focusmanagement.NavigationTarget.TARGET_HEADING, com.google.android.accessibility.talkback.focusmanagement.NavigationTarget.TARGET_CONTROL, com.google.android.accessibility.talkback.focusmanagement.NavigationTarget.TARGET_LINK, com.google.android.accessibility.talkback.focusmanagement.NavigationTarget.TARGET_HTML_ELEMENT_LINK, com.google.android.accessibility.talkback.focusmanagement.NavigationTarget.TARGET_HTML_ELEMENT_LIST, com.google.android.accessibility.talkback.focusmanagement.NavigationTarget.TARGET_HTML_ELEMENT_CONTROL, com.google.android.accessibility.talkback.focusmanagement.NavigationTarget.TARGET_HTML_ELEMENT_HEADING, com.google.android.accessibility.talkback.focusmanagement.NavigationTarget.TARGET_HTML_ELEMENT_BUTTON, com.google.android.accessibility.talkback.focusmanagement.NavigationTarget.TARGET_HTML_ELEMENT_CHECKBOX, com.google.android.accessibility.talkback.focusmanagement.NavigationTarget.TARGET_HTML_ELEMENT_ARIA_LANDMARK, com.google.android.accessibility.talkback.focusmanagement.NavigationTarget.TARGET_HTML_ELEMENT_EDIT_FIELD, com.google.android.accessibility.talkback.focusmanagement.NavigationTarget.TARGET_HTML_ELEMENT_FOCUSABLE_ITEM, com.google.android.accessibility.talkback.focusmanagement.NavigationTarget.TARGET_HTML_ELEMENT_HEADING_1, com.google.android.accessibility.talkback.focusmanagement.NavigationTarget.TARGET_HTML_ELEMENT_HEADING_2, com.google.android.accessibility.talkback.focusmanagement.NavigationTarget.TARGET_HTML_ELEMENT_HEADING_3, com.google.android.accessibility.talkback.focusmanagement.NavigationTarget.TARGET_HTML_ELEMENT_HEADING_4, com.google.android.accessibility.talkback.focusmanagement.NavigationTarget.TARGET_HTML_ELEMENT_HEADING_5, com.google.android.accessibility.talkback.focusmanagement.NavigationTarget.TARGET_HTML_ELEMENT_HEADING_6, com.google.android.accessibility.talkback.focusmanagement.NavigationTarget.TARGET_HTML_ELEMENT_GRAPHIC, com.google.android.accessibility.talkback.focusmanagement.NavigationTarget.TARGET_HTML_ELEMENT_LIST_ITEM, com.google.android.accessibility.talkback.focusmanagement.NavigationTarget.TARGET_HTML_ELEMENT_TABLE, com.google.android.accessibility.talkback.focusmanagement.NavigationTarget.TARGET_HTML_ELEMENT_COMBOBOX, com.google.android.accessibility.talkback.focusmanagement.NavigationTarget.TARGET_WINDOW}" />
    </annotation>
  </item>
  <item name="com.google.android.accessibility.talkback.Feedback.FocusDirection int htmlTargetType()">
    <annotation name="androidx.annotation.IntDef">
      <val name="value" val="{com.google.android.accessibility.talkback.focusmanagement.NavigationTarget.TARGET_DEFAULT, com.google.android.accessibility.talkback.focusmanagement.NavigationTarget.TARGET_HEADING, com.google.android.accessibility.talkback.focusmanagement.NavigationTarget.TARGET_CONTROL, com.google.android.accessibility.talkback.focusmanagement.NavigationTarget.TARGET_LINK, com.google.android.accessibility.talkback.focusmanagement.NavigationTarget.TARGET_HTML_ELEMENT_LINK, com.google.android.accessibility.talkback.focusmanagement.NavigationTarget.TARGET_HTML_ELEMENT_LIST, com.google.android.accessibility.talkback.focusmanagement.NavigationTarget.TARGET_HTML_ELEMENT_CONTROL, com.google.android.accessibility.talkback.focusmanagement.NavigationTarget.TARGET_HTML_ELEMENT_HEADING, com.google.android.accessibility.talkback.focusmanagement.NavigationTarget.TARGET_HTML_ELEMENT_BUTTON, com.google.android.accessibility.talkback.focusmanagement.NavigationTarget.TARGET_HTML_ELEMENT_CHECKBOX, com.google.android.accessibility.talkback.focusmanagement.NavigationTarget.TARGET_HTML_ELEMENT_ARIA_LANDMARK, com.google.android.accessibility.talkback.focusmanagement.NavigationTarget.TARGET_HTML_ELEMENT_EDIT_FIELD, com.google.android.accessibility.talkback.focusmanagement.NavigationTarget.TARGET_HTML_ELEMENT_FOCUSABLE_ITEM, com.google.android.accessibility.talkback.focusmanagement.NavigationTarget.TARGET_HTML_ELEMENT_HEADING_1, com.google.android.accessibility.talkback.focusmanagement.NavigationTarget.TARGET_HTML_ELEMENT_HEADING_2, com.google.android.accessibility.talkback.focusmanagement.NavigationTarget.TARGET_HTML_ELEMENT_HEADING_3, com.google.android.accessibility.talkback.focusmanagement.NavigationTarget.TARGET_HTML_ELEMENT_HEADING_4, com.google.android.accessibility.talkback.focusmanagement.NavigationTarget.TARGET_HTML_ELEMENT_HEADING_5, com.google.android.accessibility.talkback.focusmanagement.NavigationTarget.TARGET_HTML_ELEMENT_HEADING_6, com.google.android.accessibility.talkback.focusmanagement.NavigationTarget.TARGET_HTML_ELEMENT_GRAPHIC, com.google.android.accessibility.talkback.focusmanagement.NavigationTarget.TARGET_HTML_ELEMENT_LIST_ITEM, com.google.android.accessibility.talkback.focusmanagement.NavigationTarget.TARGET_HTML_ELEMENT_TABLE, com.google.android.accessibility.talkback.focusmanagement.NavigationTarget.TARGET_HTML_ELEMENT_COMBOBOX, com.google.android.accessibility.talkback.focusmanagement.NavigationTarget.TARGET_WINDOW}" />
    </annotation>
  </item>
  <item name="com.google.android.accessibility.talkback.Feedback.FocusDirection.Builder com.google.android.accessibility.talkback.Feedback.FocusDirection.Builder setHtmlTargetType(int) 0">
    <annotation name="androidx.annotation.IntDef">
      <val name="value" val="{com.google.android.accessibility.talkback.focusmanagement.NavigationTarget.TARGET_DEFAULT, com.google.android.accessibility.talkback.focusmanagement.NavigationTarget.TARGET_HEADING, com.google.android.accessibility.talkback.focusmanagement.NavigationTarget.TARGET_CONTROL, com.google.android.accessibility.talkback.focusmanagement.NavigationTarget.TARGET_LINK, com.google.android.accessibility.talkback.focusmanagement.NavigationTarget.TARGET_HTML_ELEMENT_LINK, com.google.android.accessibility.talkback.focusmanagement.NavigationTarget.TARGET_HTML_ELEMENT_LIST, com.google.android.accessibility.talkback.focusmanagement.NavigationTarget.TARGET_HTML_ELEMENT_CONTROL, com.google.android.accessibility.talkback.focusmanagement.NavigationTarget.TARGET_HTML_ELEMENT_HEADING, com.google.android.accessibility.talkback.focusmanagement.NavigationTarget.TARGET_HTML_ELEMENT_BUTTON, com.google.android.accessibility.talkback.focusmanagement.NavigationTarget.TARGET_HTML_ELEMENT_CHECKBOX, com.google.android.accessibility.talkback.focusmanagement.NavigationTarget.TARGET_HTML_ELEMENT_ARIA_LANDMARK, com.google.android.accessibility.talkback.focusmanagement.NavigationTarget.TARGET_HTML_ELEMENT_EDIT_FIELD, com.google.android.accessibility.talkback.focusmanagement.NavigationTarget.TARGET_HTML_ELEMENT_FOCUSABLE_ITEM, com.google.android.accessibility.talkback.focusmanagement.NavigationTarget.TARGET_HTML_ELEMENT_HEADING_1, com.google.android.accessibility.talkback.focusmanagement.NavigationTarget.TARGET_HTML_ELEMENT_HEADING_2, com.google.android.accessibility.talkback.focusmanagement.NavigationTarget.TARGET_HTML_ELEMENT_HEADING_3, com.google.android.accessibility.talkback.focusmanagement.NavigationTarget.TARGET_HTML_ELEMENT_HEADING_4, com.google.android.accessibility.talkback.focusmanagement.NavigationTarget.TARGET_HTML_ELEMENT_HEADING_5, com.google.android.accessibility.talkback.focusmanagement.NavigationTarget.TARGET_HTML_ELEMENT_HEADING_6, com.google.android.accessibility.talkback.focusmanagement.NavigationTarget.TARGET_HTML_ELEMENT_GRAPHIC, com.google.android.accessibility.talkback.focusmanagement.NavigationTarget.TARGET_HTML_ELEMENT_LIST_ITEM, com.google.android.accessibility.talkback.focusmanagement.NavigationTarget.TARGET_HTML_ELEMENT_TABLE, com.google.android.accessibility.talkback.focusmanagement.NavigationTarget.TARGET_HTML_ELEMENT_COMBOBOX, com.google.android.accessibility.talkback.focusmanagement.NavigationTarget.TARGET_WINDOW}" />
    </annotation>
  </item>
  <item name="com.google.android.accessibility.talkback.Interpretation.CompositorID CompositorID(int) 0">
    <annotation name="androidx.annotation.IntDef">
      <val name="value" val="{com.google.android.accessibility.talkback.compositor.Compositor.EVENT_UNKNOWN, com.google.android.accessibility.talkback.compositor.Compositor.EVENT_SPOKEN_FEEDBACK_ON, com.google.android.accessibility.talkback.compositor.Compositor.EVENT_SPOKEN_FEEDBACK_DISABLED, com.google.android.accessibility.talkback.compositor.Compositor.EVENT_CAPS_LOCK_ON, com.google.android.accessibility.talkback.compositor.Compositor.EVENT_CAPS_LOCK_OFF, com.google.android.accessibility.talkback.compositor.Compositor.EVENT_NUM_LOCK_ON, com.google.android.accessibility.talkback.compositor.Compositor.EVENT_NUM_LOCK_OFF, com.google.android.accessibility.talkback.compositor.Compositor.EVENT_SCROLL_LOCK_ON, com.google.android.accessibility.talkback.compositor.Compositor.EVENT_SCROLL_LOCK_OFF, com.google.android.accessibility.talkback.compositor.Compositor.EVENT_ORIENTATION_PORTRAIT, com.google.android.accessibility.talkback.compositor.Compositor.EVENT_ORIENTATION_LANDSCAPE, com.google.android.accessibility.talkback.compositor.Compositor.EVENT_TYPE_INPUT_TEXT_CLEAR, com.google.android.accessibility.talkback.compositor.Compositor.EVENT_TYPE_INPUT_TEXT_REMOVE, com.google.android.accessibility.talkback.compositor.Compositor.EVENT_TYPE_INPUT_TEXT_ADD, com.google.android.accessibility.talkback.compositor.Compositor.EVENT_TYPE_INPUT_TEXT_REPLACE, com.google.android.accessibility.talkback.compositor.Compositor.EVENT_TYPE_INPUT_TEXT_PASSWORD_ADD, com.google.android.accessibility.talkback.compositor.Compositor.EVENT_TYPE_INPUT_TEXT_PASSWORD_REMOVE, com.google.android.accessibility.talkback.compositor.Compositor.EVENT_TYPE_INPUT_TEXT_PASSWORD_REPLACE, com.google.android.accessibility.talkback.compositor.Compositor.EVENT_TYPE_INPUT_CHANGE_INVALID, com.google.android.accessibility.talkback.compositor.Compositor.EVENT_TYPE_INPUT_SELECTION_FOCUS_EDIT_TEXT, com.google.android.accessibility.talkback.compositor.Compositor.EVENT_TYPE_INPUT_SELECTION_MOVE_CURSOR_TO_BEGINNING, com.google.android.accessibility.talkback.compositor.Compositor.EVENT_TYPE_INPUT_SELECTION_MOVE_CURSOR_TO_END, com.google.android.accessibility.talkback.compositor.Compositor.EVENT_TYPE_INPUT_SELECTION_MOVE_CURSOR_NO_SELECTION, com.google.android.accessibility.talkback.compositor.Compositor.EVENT_TYPE_INPUT_SELECTION_MOVE_CURSOR_WITH_SELECTION, com.google.android.accessibility.talkback.compositor.Compositor.EVENT_TYPE_INPUT_SELECTION_MOVE_CURSOR_SELECTION_CLEARED, com.google.android.accessibility.talkback.compositor.Compositor.EVENT_TYPE_INPUT_SELECTION_CUT, com.google.android.accessibility.talkback.compositor.Compositor.EVENT_TYPE_INPUT_SELECTION_PASTE, com.google.android.accessibility.talkback.compositor.Compositor.EVENT_TYPE_INPUT_SELECTION_TEXT_TRAVERSAL, com.google.android.accessibility.talkback.compositor.Compositor.EVENT_TYPE_INPUT_SELECTION_SELECT_ALL, com.google.android.accessibility.talkback.compositor.Compositor.EVENT_TYPE_INPUT_SELECTION_SELECT_ALL_WITH_KEYBOARD, com.google.android.accessibility.talkback.compositor.Compositor.EVENT_TYPE_INPUT_SELECTION_RESET_SELECTION, com.google.android.accessibility.talkback.compositor.Compositor.EVENT_SPEAK_HINT, com.google.android.accessibility.talkback.compositor.Compositor.EVENT_MAGNIFICATION_CHANGED, com.google.android.accessibility.talkback.compositor.Compositor.EVENT_SCROLL_POSITION, com.google.android.accessibility.talkback.compositor.Compositor.EVENT_INPUT_DESCRIBE_NODE, com.google.android.accessibility.talkback.compositor.Compositor.EVENT_TYPE_VIEW_ACCESSIBILITY_FOCUSED, com.google.android.accessibility.talkback.compositor.Compositor.EVENT_TYPE_VIEW_FOCUSED, com.google.android.accessibility.talkback.compositor.Compositor.EVENT_TYPE_VIEW_HOVER_ENTER, com.google.android.accessibility.talkback.compositor.Compositor.EVENT_TYPE_VIEW_CLICKED, com.google.android.accessibility.talkback.compositor.Compositor.EVENT_TYPE_VIEW_LONG_CLICKED, com.google.android.accessibility.talkback.compositor.Compositor.EVENT_TYPE_NOTIFICATION_STATE_CHANGED, com.google.android.accessibility.talkback.compositor.Compositor.EVENT_TYPE_WINDOW_CONTENT_CHANGED, com.google.android.accessibility.talkback.compositor.Compositor.EVENT_TYPE_VIEW_SELECTED, com.google.android.accessibility.talkback.compositor.Compositor.EVENT_TYPE_VIEW_SCROLLED, com.google.android.accessibility.talkback.compositor.Compositor.EVENT_TYPE_ANNOUNCEMENT, com.google.android.accessibility.talkback.compositor.Compositor.EVENT_TYPE_WINDOW_STATE_CHANGED, com.google.android.accessibility.talkback.compositor.Compositor.EVENT_TYPE_TOUCH_INTERACTION_START, com.google.android.accessibility.talkback.compositor.Compositor.EVENT_TYPE_TOUCH_INTERACTION_END, com.google.android.accessibility.talkback.compositor.Compositor.EVENT_TYPE_VIEW_TEXT_CHANGED, com.google.android.accessibility.talkback.compositor.Compositor.EVENT_TYPE_VIEW_TEXT_SELECTION_CHANGED, com.google.android.accessibility.talkback.compositor.Compositor.EVENT_TYPE_VIEW_TEXT_TRAVERSED_AT_MOVEMENT_GRANULARITY}" />
    </annotation>
  </item>
  <item name="com.google.android.accessibility.talkback.Interpretation.CompositorID CompositorID(int, com.google.android.accessibility.talkback.compositor.EventInterpretation, androidx.core.view.accessibility.AccessibilityNodeInfoCompat) 0">
    <annotation name="androidx.annotation.IntDef">
      <val name="value" val="{com.google.android.accessibility.talkback.compositor.Compositor.EVENT_UNKNOWN, com.google.android.accessibility.talkback.compositor.Compositor.EVENT_SPOKEN_FEEDBACK_ON, com.google.android.accessibility.talkback.compositor.Compositor.EVENT_SPOKEN_FEEDBACK_DISABLED, com.google.android.accessibility.talkback.compositor.Compositor.EVENT_CAPS_LOCK_ON, com.google.android.accessibility.talkback.compositor.Compositor.EVENT_CAPS_LOCK_OFF, com.google.android.accessibility.talkback.compositor.Compositor.EVENT_NUM_LOCK_ON, com.google.android.accessibility.talkback.compositor.Compositor.EVENT_NUM_LOCK_OFF, com.google.android.accessibility.talkback.compositor.Compositor.EVENT_SCROLL_LOCK_ON, com.google.android.accessibility.talkback.compositor.Compositor.EVENT_SCROLL_LOCK_OFF, com.google.android.accessibility.talkback.compositor.Compositor.EVENT_ORIENTATION_PORTRAIT, com.google.android.accessibility.talkback.compositor.Compositor.EVENT_ORIENTATION_LANDSCAPE, com.google.android.accessibility.talkback.compositor.Compositor.EVENT_TYPE_INPUT_TEXT_CLEAR, com.google.android.accessibility.talkback.compositor.Compositor.EVENT_TYPE_INPUT_TEXT_REMOVE, com.google.android.accessibility.talkback.compositor.Compositor.EVENT_TYPE_INPUT_TEXT_ADD, com.google.android.accessibility.talkback.compositor.Compositor.EVENT_TYPE_INPUT_TEXT_REPLACE, com.google.android.accessibility.talkback.compositor.Compositor.EVENT_TYPE_INPUT_TEXT_PASSWORD_ADD, com.google.android.accessibility.talkback.compositor.Compositor.EVENT_TYPE_INPUT_TEXT_PASSWORD_REMOVE, com.google.android.accessibility.talkback.compositor.Compositor.EVENT_TYPE_INPUT_TEXT_PASSWORD_REPLACE, com.google.android.accessibility.talkback.compositor.Compositor.EVENT_TYPE_INPUT_CHANGE_INVALID, com.google.android.accessibility.talkback.compositor.Compositor.EVENT_TYPE_INPUT_SELECTION_FOCUS_EDIT_TEXT, com.google.android.accessibility.talkback.compositor.Compositor.EVENT_TYPE_INPUT_SELECTION_MOVE_CURSOR_TO_BEGINNING, com.google.android.accessibility.talkback.compositor.Compositor.EVENT_TYPE_INPUT_SELECTION_MOVE_CURSOR_TO_END, com.google.android.accessibility.talkback.compositor.Compositor.EVENT_TYPE_INPUT_SELECTION_MOVE_CURSOR_NO_SELECTION, com.google.android.accessibility.talkback.compositor.Compositor.EVENT_TYPE_INPUT_SELECTION_MOVE_CURSOR_WITH_SELECTION, com.google.android.accessibility.talkback.compositor.Compositor.EVENT_TYPE_INPUT_SELECTION_MOVE_CURSOR_SELECTION_CLEARED, com.google.android.accessibility.talkback.compositor.Compositor.EVENT_TYPE_INPUT_SELECTION_CUT, com.google.android.accessibility.talkback.compositor.Compositor.EVENT_TYPE_INPUT_SELECTION_PASTE, com.google.android.accessibility.talkback.compositor.Compositor.EVENT_TYPE_INPUT_SELECTION_TEXT_TRAVERSAL, com.google.android.accessibility.talkback.compositor.Compositor.EVENT_TYPE_INPUT_SELECTION_SELECT_ALL, com.google.android.accessibility.talkback.compositor.Compositor.EVENT_TYPE_INPUT_SELECTION_SELECT_ALL_WITH_KEYBOARD, com.google.android.accessibility.talkback.compositor.Compositor.EVENT_TYPE_INPUT_SELECTION_RESET_SELECTION, com.google.android.accessibility.talkback.compositor.Compositor.EVENT_SPEAK_HINT, com.google.android.accessibility.talkback.compositor.Compositor.EVENT_MAGNIFICATION_CHANGED, com.google.android.accessibility.talkback.compositor.Compositor.EVENT_SCROLL_POSITION, com.google.android.accessibility.talkback.compositor.Compositor.EVENT_INPUT_DESCRIBE_NODE, com.google.android.accessibility.talkback.compositor.Compositor.EVENT_TYPE_VIEW_ACCESSIBILITY_FOCUSED, com.google.android.accessibility.talkback.compositor.Compositor.EVENT_TYPE_VIEW_FOCUSED, com.google.android.accessibility.talkback.compositor.Compositor.EVENT_TYPE_VIEW_HOVER_ENTER, com.google.android.accessibility.talkback.compositor.Compositor.EVENT_TYPE_VIEW_CLICKED, com.google.android.accessibility.talkback.compositor.Compositor.EVENT_TYPE_VIEW_LONG_CLICKED, com.google.android.accessibility.talkback.compositor.Compositor.EVENT_TYPE_NOTIFICATION_STATE_CHANGED, com.google.android.accessibility.talkback.compositor.Compositor.EVENT_TYPE_WINDOW_CONTENT_CHANGED, com.google.android.accessibility.talkback.compositor.Compositor.EVENT_TYPE_VIEW_SELECTED, com.google.android.accessibility.talkback.compositor.Compositor.EVENT_TYPE_VIEW_SCROLLED, com.google.android.accessibility.talkback.compositor.Compositor.EVENT_TYPE_ANNOUNCEMENT, com.google.android.accessibility.talkback.compositor.Compositor.EVENT_TYPE_WINDOW_STATE_CHANGED, com.google.android.accessibility.talkback.compositor.Compositor.EVENT_TYPE_TOUCH_INTERACTION_START, com.google.android.accessibility.talkback.compositor.Compositor.EVENT_TYPE_TOUCH_INTERACTION_END, com.google.android.accessibility.talkback.compositor.Compositor.EVENT_TYPE_VIEW_TEXT_CHANGED, com.google.android.accessibility.talkback.compositor.Compositor.EVENT_TYPE_VIEW_TEXT_SELECTION_CHANGED, com.google.android.accessibility.talkback.compositor.Compositor.EVENT_TYPE_VIEW_TEXT_TRAVERSED_AT_MOVEMENT_GRANULARITY}" />
    </annotation>
  </item>
  <item name="com.google.android.accessibility.talkback.Interpretation.CompositorID value">
    <annotation name="androidx.annotation.IntDef">
      <val name="value" val="{com.google.android.accessibility.talkback.compositor.Compositor.EVENT_UNKNOWN, com.google.android.accessibility.talkback.compositor.Compositor.EVENT_SPOKEN_FEEDBACK_ON, com.google.android.accessibility.talkback.compositor.Compositor.EVENT_SPOKEN_FEEDBACK_DISABLED, com.google.android.accessibility.talkback.compositor.Compositor.EVENT_CAPS_LOCK_ON, com.google.android.accessibility.talkback.compositor.Compositor.EVENT_CAPS_LOCK_OFF, com.google.android.accessibility.talkback.compositor.Compositor.EVENT_NUM_LOCK_ON, com.google.android.accessibility.talkback.compositor.Compositor.EVENT_NUM_LOCK_OFF, com.google.android.accessibility.talkback.compositor.Compositor.EVENT_SCROLL_LOCK_ON, com.google.android.accessibility.talkback.compositor.Compositor.EVENT_SCROLL_LOCK_OFF, com.google.android.accessibility.talkback.compositor.Compositor.EVENT_ORIENTATION_PORTRAIT, com.google.android.accessibility.talkback.compositor.Compositor.EVENT_ORIENTATION_LANDSCAPE, com.google.android.accessibility.talkback.compositor.Compositor.EVENT_TYPE_INPUT_TEXT_CLEAR, com.google.android.accessibility.talkback.compositor.Compositor.EVENT_TYPE_INPUT_TEXT_REMOVE, com.google.android.accessibility.talkback.compositor.Compositor.EVENT_TYPE_INPUT_TEXT_ADD, com.google.android.accessibility.talkback.compositor.Compositor.EVENT_TYPE_INPUT_TEXT_REPLACE, com.google.android.accessibility.talkback.compositor.Compositor.EVENT_TYPE_INPUT_TEXT_PASSWORD_ADD, com.google.android.accessibility.talkback.compositor.Compositor.EVENT_TYPE_INPUT_TEXT_PASSWORD_REMOVE, com.google.android.accessibility.talkback.compositor.Compositor.EVENT_TYPE_INPUT_TEXT_PASSWORD_REPLACE, com.google.android.accessibility.talkback.compositor.Compositor.EVENT_TYPE_INPUT_CHANGE_INVALID, com.google.android.accessibility.talkback.compositor.Compositor.EVENT_TYPE_INPUT_SELECTION_FOCUS_EDIT_TEXT, com.google.android.accessibility.talkback.compositor.Compositor.EVENT_TYPE_INPUT_SELECTION_MOVE_CURSOR_TO_BEGINNING, com.google.android.accessibility.talkback.compositor.Compositor.EVENT_TYPE_INPUT_SELECTION_MOVE_CURSOR_TO_END, com.google.android.accessibility.talkback.compositor.Compositor.EVENT_TYPE_INPUT_SELECTION_MOVE_CURSOR_NO_SELECTION, com.google.android.accessibility.talkback.compositor.Compositor.EVENT_TYPE_INPUT_SELECTION_MOVE_CURSOR_WITH_SELECTION, com.google.android.accessibility.talkback.compositor.Compositor.EVENT_TYPE_INPUT_SELECTION_MOVE_CURSOR_SELECTION_CLEARED, com.google.android.accessibility.talkback.compositor.Compositor.EVENT_TYPE_INPUT_SELECTION_CUT, com.google.android.accessibility.talkback.compositor.Compositor.EVENT_TYPE_INPUT_SELECTION_PASTE, com.google.android.accessibility.talkback.compositor.Compositor.EVENT_TYPE_INPUT_SELECTION_TEXT_TRAVERSAL, com.google.android.accessibility.talkback.compositor.Compositor.EVENT_TYPE_INPUT_SELECTION_SELECT_ALL, com.google.android.accessibility.talkback.compositor.Compositor.EVENT_TYPE_INPUT_SELECTION_SELECT_ALL_WITH_KEYBOARD, com.google.android.accessibility.talkback.compositor.Compositor.EVENT_TYPE_INPUT_SELECTION_RESET_SELECTION, com.google.android.accessibility.talkback.compositor.Compositor.EVENT_SPEAK_HINT, com.google.android.accessibility.talkback.compositor.Compositor.EVENT_MAGNIFICATION_CHANGED, com.google.android.accessibility.talkback.compositor.Compositor.EVENT_SCROLL_POSITION, com.google.android.accessibility.talkback.compositor.Compositor.EVENT_INPUT_DESCRIBE_NODE, com.google.android.accessibility.talkback.compositor.Compositor.EVENT_TYPE_VIEW_ACCESSIBILITY_FOCUSED, com.google.android.accessibility.talkback.compositor.Compositor.EVENT_TYPE_VIEW_FOCUSED, com.google.android.accessibility.talkback.compositor.Compositor.EVENT_TYPE_VIEW_HOVER_ENTER, com.google.android.accessibility.talkback.compositor.Compositor.EVENT_TYPE_VIEW_CLICKED, com.google.android.accessibility.talkback.compositor.Compositor.EVENT_TYPE_VIEW_LONG_CLICKED, com.google.android.accessibility.talkback.compositor.Compositor.EVENT_TYPE_NOTIFICATION_STATE_CHANGED, com.google.android.accessibility.talkback.compositor.Compositor.EVENT_TYPE_WINDOW_CONTENT_CHANGED, com.google.android.accessibility.talkback.compositor.Compositor.EVENT_TYPE_VIEW_SELECTED, com.google.android.accessibility.talkback.compositor.Compositor.EVENT_TYPE_VIEW_SCROLLED, com.google.android.accessibility.talkback.compositor.Compositor.EVENT_TYPE_ANNOUNCEMENT, com.google.android.accessibility.talkback.compositor.Compositor.EVENT_TYPE_WINDOW_STATE_CHANGED, com.google.android.accessibility.talkback.compositor.Compositor.EVENT_TYPE_TOUCH_INTERACTION_START, com.google.android.accessibility.talkback.compositor.Compositor.EVENT_TYPE_TOUCH_INTERACTION_END, com.google.android.accessibility.talkback.compositor.Compositor.EVENT_TYPE_VIEW_TEXT_CHANGED, com.google.android.accessibility.talkback.compositor.Compositor.EVENT_TYPE_VIEW_TEXT_SELECTION_CHANGED, com.google.android.accessibility.talkback.compositor.Compositor.EVENT_TYPE_VIEW_TEXT_TRAVERSED_AT_MOVEMENT_GRANULARITY}" />
    </annotation>
  </item>
  <item name="com.google.android.accessibility.talkback.Mappers.Variables int compositorEventID(int)">
    <annotation name="androidx.annotation.IntDef">
      <val name="value" val="{com.google.android.accessibility.talkback.compositor.Compositor.EVENT_UNKNOWN, com.google.android.accessibility.talkback.compositor.Compositor.EVENT_SPOKEN_FEEDBACK_ON, com.google.android.accessibility.talkback.compositor.Compositor.EVENT_SPOKEN_FEEDBACK_DISABLED, com.google.android.accessibility.talkback.compositor.Compositor.EVENT_CAPS_LOCK_ON, com.google.android.accessibility.talkback.compositor.Compositor.EVENT_CAPS_LOCK_OFF, com.google.android.accessibility.talkback.compositor.Compositor.EVENT_NUM_LOCK_ON, com.google.android.accessibility.talkback.compositor.Compositor.EVENT_NUM_LOCK_OFF, com.google.android.accessibility.talkback.compositor.Compositor.EVENT_SCROLL_LOCK_ON, com.google.android.accessibility.talkback.compositor.Compositor.EVENT_SCROLL_LOCK_OFF, com.google.android.accessibility.talkback.compositor.Compositor.EVENT_ORIENTATION_PORTRAIT, com.google.android.accessibility.talkback.compositor.Compositor.EVENT_ORIENTATION_LANDSCAPE, com.google.android.accessibility.talkback.compositor.Compositor.EVENT_TYPE_INPUT_TEXT_CLEAR, com.google.android.accessibility.talkback.compositor.Compositor.EVENT_TYPE_INPUT_TEXT_REMOVE, com.google.android.accessibility.talkback.compositor.Compositor.EVENT_TYPE_INPUT_TEXT_ADD, com.google.android.accessibility.talkback.compositor.Compositor.EVENT_TYPE_INPUT_TEXT_REPLACE, com.google.android.accessibility.talkback.compositor.Compositor.EVENT_TYPE_INPUT_TEXT_PASSWORD_ADD, com.google.android.accessibility.talkback.compositor.Compositor.EVENT_TYPE_INPUT_TEXT_PASSWORD_REMOVE, com.google.android.accessibility.talkback.compositor.Compositor.EVENT_TYPE_INPUT_TEXT_PASSWORD_REPLACE, com.google.android.accessibility.talkback.compositor.Compositor.EVENT_TYPE_INPUT_CHANGE_INVALID, com.google.android.accessibility.talkback.compositor.Compositor.EVENT_TYPE_INPUT_SELECTION_FOCUS_EDIT_TEXT, com.google.android.accessibility.talkback.compositor.Compositor.EVENT_TYPE_INPUT_SELECTION_MOVE_CURSOR_TO_BEGINNING, com.google.android.accessibility.talkback.compositor.Compositor.EVENT_TYPE_INPUT_SELECTION_MOVE_CURSOR_TO_END, com.google.android.accessibility.talkback.compositor.Compositor.EVENT_TYPE_INPUT_SELECTION_MOVE_CURSOR_NO_SELECTION, com.google.android.accessibility.talkback.compositor.Compositor.EVENT_TYPE_INPUT_SELECTION_MOVE_CURSOR_WITH_SELECTION, com.google.android.accessibility.talkback.compositor.Compositor.EVENT_TYPE_INPUT_SELECTION_MOVE_CURSOR_SELECTION_CLEARED, com.google.android.accessibility.talkback.compositor.Compositor.EVENT_TYPE_INPUT_SELECTION_CUT, com.google.android.accessibility.talkback.compositor.Compositor.EVENT_TYPE_INPUT_SELECTION_PASTE, com.google.android.accessibility.talkback.compositor.Compositor.EVENT_TYPE_INPUT_SELECTION_TEXT_TRAVERSAL, com.google.android.accessibility.talkback.compositor.Compositor.EVENT_TYPE_INPUT_SELECTION_SELECT_ALL, com.google.android.accessibility.talkback.compositor.Compositor.EVENT_TYPE_INPUT_SELECTION_SELECT_ALL_WITH_KEYBOARD, com.google.android.accessibility.talkback.compositor.Compositor.EVENT_TYPE_INPUT_SELECTION_RESET_SELECTION, com.google.android.accessibility.talkback.compositor.Compositor.EVENT_SPEAK_HINT, com.google.android.accessibility.talkback.compositor.Compositor.EVENT_MAGNIFICATION_CHANGED, com.google.android.accessibility.talkback.compositor.Compositor.EVENT_SCROLL_POSITION, com.google.android.accessibility.talkback.compositor.Compositor.EVENT_INPUT_DESCRIBE_NODE, com.google.android.accessibility.talkback.compositor.Compositor.EVENT_TYPE_VIEW_ACCESSIBILITY_FOCUSED, com.google.android.accessibility.talkback.compositor.Compositor.EVENT_TYPE_VIEW_FOCUSED, com.google.android.accessibility.talkback.compositor.Compositor.EVENT_TYPE_VIEW_HOVER_ENTER, com.google.android.accessibility.talkback.compositor.Compositor.EVENT_TYPE_VIEW_CLICKED, com.google.android.accessibility.talkback.compositor.Compositor.EVENT_TYPE_VIEW_LONG_CLICKED, com.google.android.accessibility.talkback.compositor.Compositor.EVENT_TYPE_NOTIFICATION_STATE_CHANGED, com.google.android.accessibility.talkback.compositor.Compositor.EVENT_TYPE_WINDOW_CONTENT_CHANGED, com.google.android.accessibility.talkback.compositor.Compositor.EVENT_TYPE_VIEW_SELECTED, com.google.android.accessibility.talkback.compositor.Compositor.EVENT_TYPE_VIEW_SCROLLED, com.google.android.accessibility.talkback.compositor.Compositor.EVENT_TYPE_ANNOUNCEMENT, com.google.android.accessibility.talkback.compositor.Compositor.EVENT_TYPE_WINDOW_STATE_CHANGED, com.google.android.accessibility.talkback.compositor.Compositor.EVENT_TYPE_TOUCH_INTERACTION_START, com.google.android.accessibility.talkback.compositor.Compositor.EVENT_TYPE_TOUCH_INTERACTION_END, com.google.android.accessibility.talkback.compositor.Compositor.EVENT_TYPE_VIEW_TEXT_CHANGED, com.google.android.accessibility.talkback.compositor.Compositor.EVENT_TYPE_VIEW_TEXT_SELECTION_CHANGED, com.google.android.accessibility.talkback.compositor.Compositor.EVENT_TYPE_VIEW_TEXT_TRAVERSED_AT_MOVEMENT_GRANULARITY}" />
    </annotation>
  </item>
  <item name="com.google.android.accessibility.talkback.TalkBackService int getCompositorFlavor()">
    <annotation name="androidx.annotation.IntDef">
      <val name="value" val="{com.google.android.accessibility.talkback.compositor.Compositor.FLAVOR_NONE, com.google.android.accessibility.talkback.compositor.Compositor.FLAVOR_ARC, com.google.android.accessibility.talkback.compositor.Compositor.FLAVOR_TV, com.google.android.accessibility.talkback.compositor.Compositor.FLAVOR_JASPER}" />
    </annotation>
  </item>
  <item name="com.google.android.accessibility.talkback.TalkBackService int prefValueToDescriptionOrder(android.content.res.Resources, java.lang.String)">
    <annotation name="androidx.annotation.IntDef">
      <val name="value" val="{com.google.android.accessibility.talkback.compositor.Compositor.DESC_ORDER_ROLE_NAME_STATE_POSITION, com.google.android.accessibility.talkback.compositor.Compositor.DESC_ORDER_STATE_NAME_ROLE_POSITION, com.google.android.accessibility.talkback.compositor.Compositor.DESC_ORDER_NAME_ROLE_STATE_POSITION}" />
    </annotation>
  </item>
</root>

