<?xml version="1.0" encoding="UTF-8"?>
<root>
  <item name="com.google.android.accessibility.talkback.focusmanagement.FocusProcessorForLogicalNavigation void announceNativeMacroElement(boolean, int, com.google.android.accessibility.utils.Performance.EventId) 1">
    <annotation name="androidx.annotation.IntDef">
      <val name="value" val="{com.google.android.accessibility.talkback.focusmanagement.NavigationTarget.TARGET_DEFAULT, com.google.android.accessibility.talkback.focusmanagement.NavigationTarget.TARGET_HEADING, com.google.android.accessibility.talkback.focusmanagement.NavigationTarget.TARGET_CONTROL, com.google.android.accessibility.talkback.focusmanagement.NavigationTarget.TARGET_LINK, com.google.android.accessibility.talkback.focusmanagement.NavigationTarget.TARGET_HTML_ELEMENT_LINK, com.google.android.accessibility.talkback.focusmanagement.NavigationTarget.TARGET_HTML_ELEMENT_LIST, com.google.android.accessibility.talkback.focusmanagement.NavigationTarget.TARGET_HTML_ELEMENT_CONTROL, com.google.android.accessibility.talkback.focusmanagement.NavigationTarget.TARGET_HTML_ELEMENT_HEADING, com.google.android.accessibility.talkback.focusmanagement.NavigationTarget.TARGET_HTML_ELEMENT_BUTTON, com.google.android.accessibility.talkback.focusmanagement.NavigationTarget.TARGET_HTML_ELEMENT_CHECKBOX, com.google.android.accessibility.talkback.focusmanagement.NavigationTarget.TARGET_HTML_ELEMENT_ARIA_LANDMARK, com.google.android.accessibility.talkback.focusmanagement.NavigationTarget.TARGET_HTML_ELEMENT_EDIT_FIELD, com.google.android.accessibility.talkback.focusmanagement.NavigationTarget.TARGET_HTML_ELEMENT_FOCUSABLE_ITEM, com.google.android.accessibility.talkback.focusmanagement.NavigationTarget.TARGET_HTML_ELEMENT_HEADING_1, com.google.android.accessibility.talkback.focusmanagement.NavigationTarget.TARGET_HTML_ELEMENT_HEADING_2, com.google.android.accessibility.talkback.focusmanagement.NavigationTarget.TARGET_HTML_ELEMENT_HEADING_3, com.google.android.accessibility.talkback.focusmanagement.NavigationTarget.TARGET_HTML_ELEMENT_HEADING_4, com.google.android.accessibility.talkback.focusmanagement.NavigationTarget.TARGET_HTML_ELEMENT_HEADING_5, com.google.android.accessibility.talkback.focusmanagement.NavigationTarget.TARGET_HTML_ELEMENT_HEADING_6, com.google.android.accessibility.talkback.focusmanagement.NavigationTarget.TARGET_HTML_ELEMENT_GRAPHIC, com.google.android.accessibility.talkback.focusmanagement.NavigationTarget.TARGET_HTML_ELEMENT_LIST_ITEM, com.google.android.accessibility.talkback.focusmanagement.NavigationTarget.TARGET_HTML_ELEMENT_TABLE, com.google.android.accessibility.talkback.focusmanagement.NavigationTarget.TARGET_HTML_ELEMENT_COMBOBOX, com.google.android.accessibility.talkback.focusmanagement.NavigationTarget.TARGET_WINDOW}" />
    </annotation>
  </item>
  <item name="com.google.android.accessibility.talkback.focusmanagement.FocusProcessorForTapAndTouchExploration int getTypingMethod()">
    <annotation name="androidx.annotation.IntDef">
      <val name="value" val="{com.google.android.accessibility.talkback.focusmanagement.FocusProcessorForTapAndTouchExploration.DOUBLE_TAP, com.google.android.accessibility.talkback.focusmanagement.FocusProcessorForTapAndTouchExploration.LIFT_TO_TYPE, com.google.android.accessibility.talkback.focusmanagement.FocusProcessorForTapAndTouchExploration.FORCE_LIFT_TO_TYPE_ON_IME}" />
    </annotation>
  </item>
  <item name="com.google.android.accessibility.talkback.focusmanagement.FocusProcessorForTapAndTouchExploration typingMethod">
    <annotation name="androidx.annotation.IntDef">
      <val name="value" val="{com.google.android.accessibility.talkback.focusmanagement.FocusProcessorForTapAndTouchExploration.DOUBLE_TAP, com.google.android.accessibility.talkback.focusmanagement.FocusProcessorForTapAndTouchExploration.LIFT_TO_TYPE, com.google.android.accessibility.talkback.focusmanagement.FocusProcessorForTapAndTouchExploration.FORCE_LIFT_TO_TYPE_ON_IME}" />
    </annotation>
  </item>
  <item name="com.google.android.accessibility.talkback.focusmanagement.FocusProcessorForTapAndTouchExploration void setTypingMethod(int) 0">
    <annotation name="androidx.annotation.IntDef">
      <val name="value" val="{com.google.android.accessibility.talkback.focusmanagement.FocusProcessorForTapAndTouchExploration.DOUBLE_TAP, com.google.android.accessibility.talkback.focusmanagement.FocusProcessorForTapAndTouchExploration.LIFT_TO_TYPE, com.google.android.accessibility.talkback.focusmanagement.FocusProcessorForTapAndTouchExploration.FORCE_LIFT_TO_TYPE_ON_IME}" />
    </annotation>
  </item>
  <item name="com.google.android.accessibility.talkback.focusmanagement.FocusProcessorForTapAndTouchExploration.TypingMethod">
    <annotation name="androidx.annotation.IntDef">
      <val name="value" val="{com.google.android.accessibility.talkback.focusmanagement.FocusProcessorForTapAndTouchExploration.DOUBLE_TAP, com.google.android.accessibility.talkback.focusmanagement.FocusProcessorForTapAndTouchExploration.LIFT_TO_TYPE, com.google.android.accessibility.talkback.focusmanagement.FocusProcessorForTapAndTouchExploration.FORCE_LIFT_TO_TYPE_ON_IME}" />
    </annotation>
  </item>
  <item name="com.google.android.accessibility.talkback.focusmanagement.NavigationTarget boolean isHtmlTarget(int) 0">
    <annotation name="androidx.annotation.IntDef">
      <val name="value" val="{com.google.android.accessibility.talkback.focusmanagement.NavigationTarget.TARGET_DEFAULT, com.google.android.accessibility.talkback.focusmanagement.NavigationTarget.TARGET_HEADING, com.google.android.accessibility.talkback.focusmanagement.NavigationTarget.TARGET_CONTROL, com.google.android.accessibility.talkback.focusmanagement.NavigationTarget.TARGET_LINK, com.google.android.accessibility.talkback.focusmanagement.NavigationTarget.TARGET_HTML_ELEMENT_LINK, com.google.android.accessibility.talkback.focusmanagement.NavigationTarget.TARGET_HTML_ELEMENT_LIST, com.google.android.accessibility.talkback.focusmanagement.NavigationTarget.TARGET_HTML_ELEMENT_CONTROL, com.google.android.accessibility.talkback.focusmanagement.NavigationTarget.TARGET_HTML_ELEMENT_HEADING, com.google.android.accessibility.talkback.focusmanagement.NavigationTarget.TARGET_HTML_ELEMENT_BUTTON, com.google.android.accessibility.talkback.focusmanagement.NavigationTarget.TARGET_HTML_ELEMENT_CHECKBOX, com.google.android.accessibility.talkback.focusmanagement.NavigationTarget.TARGET_HTML_ELEMENT_ARIA_LANDMARK, com.google.android.accessibility.talkback.focusmanagement.NavigationTarget.TARGET_HTML_ELEMENT_EDIT_FIELD, com.google.android.accessibility.talkback.focusmanagement.NavigationTarget.TARGET_HTML_ELEMENT_FOCUSABLE_ITEM, com.google.android.accessibility.talkback.focusmanagement.NavigationTarget.TARGET_HTML_ELEMENT_HEADING_1, com.google.android.accessibility.talkback.focusmanagement.NavigationTarget.TARGET_HTML_ELEMENT_HEADING_2, com.google.android.accessibility.talkback.focusmanagement.NavigationTarget.TARGET_HTML_ELEMENT_HEADING_3, com.google.android.accessibility.talkback.focusmanagement.NavigationTarget.TARGET_HTML_ELEMENT_HEADING_4, com.google.android.accessibility.talkback.focusmanagement.NavigationTarget.TARGET_HTML_ELEMENT_HEADING_5, com.google.android.accessibility.talkback.focusmanagement.NavigationTarget.TARGET_HTML_ELEMENT_HEADING_6, com.google.android.accessibility.talkback.focusmanagement.NavigationTarget.TARGET_HTML_ELEMENT_GRAPHIC, com.google.android.accessibility.talkback.focusmanagement.NavigationTarget.TARGET_HTML_ELEMENT_LIST_ITEM, com.google.android.accessibility.talkback.focusmanagement.NavigationTarget.TARGET_HTML_ELEMENT_TABLE, com.google.android.accessibility.talkback.focusmanagement.NavigationTarget.TARGET_HTML_ELEMENT_COMBOBOX, com.google.android.accessibility.talkback.focusmanagement.NavigationTarget.TARGET_WINDOW}" />
    </annotation>
  </item>
  <item name="com.google.android.accessibility.talkback.focusmanagement.NavigationTarget boolean isMacroGranularity(int) 0">
    <annotation name="androidx.annotation.IntDef">
      <val name="value" val="{com.google.android.accessibility.talkback.focusmanagement.NavigationTarget.TARGET_DEFAULT, com.google.android.accessibility.talkback.focusmanagement.NavigationTarget.TARGET_HEADING, com.google.android.accessibility.talkback.focusmanagement.NavigationTarget.TARGET_CONTROL, com.google.android.accessibility.talkback.focusmanagement.NavigationTarget.TARGET_LINK, com.google.android.accessibility.talkback.focusmanagement.NavigationTarget.TARGET_HTML_ELEMENT_LINK, com.google.android.accessibility.talkback.focusmanagement.NavigationTarget.TARGET_HTML_ELEMENT_LIST, com.google.android.accessibility.talkback.focusmanagement.NavigationTarget.TARGET_HTML_ELEMENT_CONTROL, com.google.android.accessibility.talkback.focusmanagement.NavigationTarget.TARGET_HTML_ELEMENT_HEADING, com.google.android.accessibility.talkback.focusmanagement.NavigationTarget.TARGET_HTML_ELEMENT_BUTTON, com.google.android.accessibility.talkback.focusmanagement.NavigationTarget.TARGET_HTML_ELEMENT_CHECKBOX, com.google.android.accessibility.talkback.focusmanagement.NavigationTarget.TARGET_HTML_ELEMENT_ARIA_LANDMARK, com.google.android.accessibility.talkback.focusmanagement.NavigationTarget.TARGET_HTML_ELEMENT_EDIT_FIELD, com.google.android.accessibility.talkback.focusmanagement.NavigationTarget.TARGET_HTML_ELEMENT_FOCUSABLE_ITEM, com.google.android.accessibility.talkback.focusmanagement.NavigationTarget.TARGET_HTML_ELEMENT_HEADING_1, com.google.android.accessibility.talkback.focusmanagement.NavigationTarget.TARGET_HTML_ELEMENT_HEADING_2, com.google.android.accessibility.talkback.focusmanagement.NavigationTarget.TARGET_HTML_ELEMENT_HEADING_3, com.google.android.accessibility.talkback.focusmanagement.NavigationTarget.TARGET_HTML_ELEMENT_HEADING_4, com.google.android.accessibility.talkback.focusmanagement.NavigationTarget.TARGET_HTML_ELEMENT_HEADING_5, com.google.android.accessibility.talkback.focusmanagement.NavigationTarget.TARGET_HTML_ELEMENT_HEADING_6, com.google.android.accessibility.talkback.focusmanagement.NavigationTarget.TARGET_HTML_ELEMENT_GRAPHIC, com.google.android.accessibility.talkback.focusmanagement.NavigationTarget.TARGET_HTML_ELEMENT_LIST_ITEM, com.google.android.accessibility.talkback.focusmanagement.NavigationTarget.TARGET_HTML_ELEMENT_TABLE, com.google.android.accessibility.talkback.focusmanagement.NavigationTarget.TARGET_HTML_ELEMENT_COMBOBOX, com.google.android.accessibility.talkback.focusmanagement.NavigationTarget.TARGET_WINDOW}" />
    </annotation>
  </item>
  <item name="com.google.android.accessibility.talkback.focusmanagement.NavigationTarget com.google.android.accessibility.utils.Filter&lt;androidx.core.view.accessibility.AccessibilityNodeInfoCompat&gt; createNodeFilter(int, java.util.Map&lt;androidx.core.view.accessibility.AccessibilityNodeInfoCompat,java.lang.Boolean&gt;) 0">
    <annotation name="androidx.annotation.IntDef">
      <val name="value" val="{com.google.android.accessibility.talkback.focusmanagement.NavigationTarget.TARGET_DEFAULT, com.google.android.accessibility.talkback.focusmanagement.NavigationTarget.TARGET_HEADING, com.google.android.accessibility.talkback.focusmanagement.NavigationTarget.TARGET_CONTROL, com.google.android.accessibility.talkback.focusmanagement.NavigationTarget.TARGET_LINK, com.google.android.accessibility.talkback.focusmanagement.NavigationTarget.TARGET_HTML_ELEMENT_LINK, com.google.android.accessibility.talkback.focusmanagement.NavigationTarget.TARGET_HTML_ELEMENT_LIST, com.google.android.accessibility.talkback.focusmanagement.NavigationTarget.TARGET_HTML_ELEMENT_CONTROL, com.google.android.accessibility.talkback.focusmanagement.NavigationTarget.TARGET_HTML_ELEMENT_HEADING, com.google.android.accessibility.talkback.focusmanagement.NavigationTarget.TARGET_HTML_ELEMENT_BUTTON, com.google.android.accessibility.talkback.focusmanagement.NavigationTarget.TARGET_HTML_ELEMENT_CHECKBOX, com.google.android.accessibility.talkback.focusmanagement.NavigationTarget.TARGET_HTML_ELEMENT_ARIA_LANDMARK, com.google.android.accessibility.talkback.focusmanagement.NavigationTarget.TARGET_HTML_ELEMENT_EDIT_FIELD, com.google.android.accessibility.talkback.focusmanagement.NavigationTarget.TARGET_HTML_ELEMENT_FOCUSABLE_ITEM, com.google.android.accessibility.talkback.focusmanagement.NavigationTarget.TARGET_HTML_ELEMENT_HEADING_1, com.google.android.accessibility.talkback.focusmanagement.NavigationTarget.TARGET_HTML_ELEMENT_HEADING_2, com.google.android.accessibility.talkback.focusmanagement.NavigationTarget.TARGET_HTML_ELEMENT_HEADING_3, com.google.android.accessibility.talkback.focusmanagement.NavigationTarget.TARGET_HTML_ELEMENT_HEADING_4, com.google.android.accessibility.talkback.focusmanagement.NavigationTarget.TARGET_HTML_ELEMENT_HEADING_5, com.google.android.accessibility.talkback.focusmanagement.NavigationTarget.TARGET_HTML_ELEMENT_HEADING_6, com.google.android.accessibility.talkback.focusmanagement.NavigationTarget.TARGET_HTML_ELEMENT_GRAPHIC, com.google.android.accessibility.talkback.focusmanagement.NavigationTarget.TARGET_HTML_ELEMENT_LIST_ITEM, com.google.android.accessibility.talkback.focusmanagement.NavigationTarget.TARGET_HTML_ELEMENT_TABLE, com.google.android.accessibility.talkback.focusmanagement.NavigationTarget.TARGET_HTML_ELEMENT_COMBOBOX, com.google.android.accessibility.talkback.focusmanagement.NavigationTarget.TARGET_WINDOW}" />
    </annotation>
  </item>
  <item name="com.google.android.accessibility.talkback.focusmanagement.NavigationTarget com.google.android.accessibility.utils.input.CursorGranularity targetTypeToGranularity(int) 0">
    <annotation name="androidx.annotation.IntDef">
      <val name="value" val="{com.google.android.accessibility.talkback.focusmanagement.NavigationTarget.TARGET_DEFAULT, com.google.android.accessibility.talkback.focusmanagement.NavigationTarget.TARGET_HEADING, com.google.android.accessibility.talkback.focusmanagement.NavigationTarget.TARGET_CONTROL, com.google.android.accessibility.talkback.focusmanagement.NavigationTarget.TARGET_LINK, com.google.android.accessibility.talkback.focusmanagement.NavigationTarget.TARGET_HTML_ELEMENT_LINK, com.google.android.accessibility.talkback.focusmanagement.NavigationTarget.TARGET_HTML_ELEMENT_LIST, com.google.android.accessibility.talkback.focusmanagement.NavigationTarget.TARGET_HTML_ELEMENT_CONTROL, com.google.android.accessibility.talkback.focusmanagement.NavigationTarget.TARGET_HTML_ELEMENT_HEADING, com.google.android.accessibility.talkback.focusmanagement.NavigationTarget.TARGET_HTML_ELEMENT_BUTTON, com.google.android.accessibility.talkback.focusmanagement.NavigationTarget.TARGET_HTML_ELEMENT_CHECKBOX, com.google.android.accessibility.talkback.focusmanagement.NavigationTarget.TARGET_HTML_ELEMENT_ARIA_LANDMARK, com.google.android.accessibility.talkback.focusmanagement.NavigationTarget.TARGET_HTML_ELEMENT_EDIT_FIELD, com.google.android.accessibility.talkback.focusmanagement.NavigationTarget.TARGET_HTML_ELEMENT_FOCUSABLE_ITEM, com.google.android.accessibility.talkback.focusmanagement.NavigationTarget.TARGET_HTML_ELEMENT_HEADING_1, com.google.android.accessibility.talkback.focusmanagement.NavigationTarget.TARGET_HTML_ELEMENT_HEADING_2, com.google.android.accessibility.talkback.focusmanagement.NavigationTarget.TARGET_HTML_ELEMENT_HEADING_3, com.google.android.accessibility.talkback.focusmanagement.NavigationTarget.TARGET_HTML_ELEMENT_HEADING_4, com.google.android.accessibility.talkback.focusmanagement.NavigationTarget.TARGET_HTML_ELEMENT_HEADING_5, com.google.android.accessibility.talkback.focusmanagement.NavigationTarget.TARGET_HTML_ELEMENT_HEADING_6, com.google.android.accessibility.talkback.focusmanagement.NavigationTarget.TARGET_HTML_ELEMENT_GRAPHIC, com.google.android.accessibility.talkback.focusmanagement.NavigationTarget.TARGET_HTML_ELEMENT_LIST_ITEM, com.google.android.accessibility.talkback.focusmanagement.NavigationTarget.TARGET_HTML_ELEMENT_TABLE, com.google.android.accessibility.talkback.focusmanagement.NavigationTarget.TARGET_HTML_ELEMENT_COMBOBOX, com.google.android.accessibility.talkback.focusmanagement.NavigationTarget.TARGET_WINDOW}" />
    </annotation>
  </item>
  <item name="com.google.android.accessibility.talkback.focusmanagement.NavigationTarget java.lang.String htmlTargetToDisplayName(android.content.Context, int) 1">
    <annotation name="androidx.annotation.IntDef">
      <val name="value" val="{com.google.android.accessibility.talkback.focusmanagement.NavigationTarget.TARGET_DEFAULT, com.google.android.accessibility.talkback.focusmanagement.NavigationTarget.TARGET_HEADING, com.google.android.accessibility.talkback.focusmanagement.NavigationTarget.TARGET_CONTROL, com.google.android.accessibility.talkback.focusmanagement.NavigationTarget.TARGET_LINK, com.google.android.accessibility.talkback.focusmanagement.NavigationTarget.TARGET_HTML_ELEMENT_LINK, com.google.android.accessibility.talkback.focusmanagement.NavigationTarget.TARGET_HTML_ELEMENT_LIST, com.google.android.accessibility.talkback.focusmanagement.NavigationTarget.TARGET_HTML_ELEMENT_CONTROL, com.google.android.accessibility.talkback.focusmanagement.NavigationTarget.TARGET_HTML_ELEMENT_HEADING, com.google.android.accessibility.talkback.focusmanagement.NavigationTarget.TARGET_HTML_ELEMENT_BUTTON, com.google.android.accessibility.talkback.focusmanagement.NavigationTarget.TARGET_HTML_ELEMENT_CHECKBOX, com.google.android.accessibility.talkback.focusmanagement.NavigationTarget.TARGET_HTML_ELEMENT_ARIA_LANDMARK, com.google.android.accessibility.talkback.focusmanagement.NavigationTarget.TARGET_HTML_ELEMENT_EDIT_FIELD, com.google.android.accessibility.talkback.focusmanagement.NavigationTarget.TARGET_HTML_ELEMENT_FOCUSABLE_ITEM, com.google.android.accessibility.talkback.focusmanagement.NavigationTarget.TARGET_HTML_ELEMENT_HEADING_1, com.google.android.accessibility.talkback.focusmanagement.NavigationTarget.TARGET_HTML_ELEMENT_HEADING_2, com.google.android.accessibility.talkback.focusmanagement.NavigationTarget.TARGET_HTML_ELEMENT_HEADING_3, com.google.android.accessibility.talkback.focusmanagement.NavigationTarget.TARGET_HTML_ELEMENT_HEADING_4, com.google.android.accessibility.talkback.focusmanagement.NavigationTarget.TARGET_HTML_ELEMENT_HEADING_5, com.google.android.accessibility.talkback.focusmanagement.NavigationTarget.TARGET_HTML_ELEMENT_HEADING_6, com.google.android.accessibility.talkback.focusmanagement.NavigationTarget.TARGET_HTML_ELEMENT_GRAPHIC, com.google.android.accessibility.talkback.focusmanagement.NavigationTarget.TARGET_HTML_ELEMENT_LIST_ITEM, com.google.android.accessibility.talkback.focusmanagement.NavigationTarget.TARGET_HTML_ELEMENT_TABLE, com.google.android.accessibility.talkback.focusmanagement.NavigationTarget.TARGET_HTML_ELEMENT_COMBOBOX, com.google.android.accessibility.talkback.focusmanagement.NavigationTarget.TARGET_WINDOW}" />
    </annotation>
  </item>
  <item name="com.google.android.accessibility.talkback.focusmanagement.NavigationTarget java.lang.String macroTargetToDisplayName(android.content.Context, int) 1">
    <annotation name="androidx.annotation.IntDef">
      <val name="value" val="{com.google.android.accessibility.talkback.focusmanagement.NavigationTarget.TARGET_DEFAULT, com.google.android.accessibility.talkback.focusmanagement.NavigationTarget.TARGET_HEADING, com.google.android.accessibility.talkback.focusmanagement.NavigationTarget.TARGET_CONTROL, com.google.android.accessibility.talkback.focusmanagement.NavigationTarget.TARGET_LINK, com.google.android.accessibility.talkback.focusmanagement.NavigationTarget.TARGET_HTML_ELEMENT_LINK, com.google.android.accessibility.talkback.focusmanagement.NavigationTarget.TARGET_HTML_ELEMENT_LIST, com.google.android.accessibility.talkback.focusmanagement.NavigationTarget.TARGET_HTML_ELEMENT_CONTROL, com.google.android.accessibility.talkback.focusmanagement.NavigationTarget.TARGET_HTML_ELEMENT_HEADING, com.google.android.accessibility.talkback.focusmanagement.NavigationTarget.TARGET_HTML_ELEMENT_BUTTON, com.google.android.accessibility.talkback.focusmanagement.NavigationTarget.TARGET_HTML_ELEMENT_CHECKBOX, com.google.android.accessibility.talkback.focusmanagement.NavigationTarget.TARGET_HTML_ELEMENT_ARIA_LANDMARK, com.google.android.accessibility.talkback.focusmanagement.NavigationTarget.TARGET_HTML_ELEMENT_EDIT_FIELD, com.google.android.accessibility.talkback.focusmanagement.NavigationTarget.TARGET_HTML_ELEMENT_FOCUSABLE_ITEM, com.google.android.accessibility.talkback.focusmanagement.NavigationTarget.TARGET_HTML_ELEMENT_HEADING_1, com.google.android.accessibility.talkback.focusmanagement.NavigationTarget.TARGET_HTML_ELEMENT_HEADING_2, com.google.android.accessibility.talkback.focusmanagement.NavigationTarget.TARGET_HTML_ELEMENT_HEADING_3, com.google.android.accessibility.talkback.focusmanagement.NavigationTarget.TARGET_HTML_ELEMENT_HEADING_4, com.google.android.accessibility.talkback.focusmanagement.NavigationTarget.TARGET_HTML_ELEMENT_HEADING_5, com.google.android.accessibility.talkback.focusmanagement.NavigationTarget.TARGET_HTML_ELEMENT_HEADING_6, com.google.android.accessibility.talkback.focusmanagement.NavigationTarget.TARGET_HTML_ELEMENT_GRAPHIC, com.google.android.accessibility.talkback.focusmanagement.NavigationTarget.TARGET_HTML_ELEMENT_LIST_ITEM, com.google.android.accessibility.talkback.focusmanagement.NavigationTarget.TARGET_HTML_ELEMENT_TABLE, com.google.android.accessibility.talkback.focusmanagement.NavigationTarget.TARGET_HTML_ELEMENT_COMBOBOX, com.google.android.accessibility.talkback.focusmanagement.NavigationTarget.TARGET_WINDOW}" />
    </annotation>
  </item>
  <item name="com.google.android.accessibility.talkback.focusmanagement.NavigationTarget java.lang.String targetTypeToHtmlElement(int) 0">
    <annotation name="androidx.annotation.IntDef">
      <val name="value" val="{com.google.android.accessibility.talkback.focusmanagement.NavigationTarget.TARGET_DEFAULT, com.google.android.accessibility.talkback.focusmanagement.NavigationTarget.TARGET_HEADING, com.google.android.accessibility.talkback.focusmanagement.NavigationTarget.TARGET_CONTROL, com.google.android.accessibility.talkback.focusmanagement.NavigationTarget.TARGET_LINK, com.google.android.accessibility.talkback.focusmanagement.NavigationTarget.TARGET_HTML_ELEMENT_LINK, com.google.android.accessibility.talkback.focusmanagement.NavigationTarget.TARGET_HTML_ELEMENT_LIST, com.google.android.accessibility.talkback.focusmanagement.NavigationTarget.TARGET_HTML_ELEMENT_CONTROL, com.google.android.accessibility.talkback.focusmanagement.NavigationTarget.TARGET_HTML_ELEMENT_HEADING, com.google.android.accessibility.talkback.focusmanagement.NavigationTarget.TARGET_HTML_ELEMENT_BUTTON, com.google.android.accessibility.talkback.focusmanagement.NavigationTarget.TARGET_HTML_ELEMENT_CHECKBOX, com.google.android.accessibility.talkback.focusmanagement.NavigationTarget.TARGET_HTML_ELEMENT_ARIA_LANDMARK, com.google.android.accessibility.talkback.focusmanagement.NavigationTarget.TARGET_HTML_ELEMENT_EDIT_FIELD, com.google.android.accessibility.talkback.focusmanagement.NavigationTarget.TARGET_HTML_ELEMENT_FOCUSABLE_ITEM, com.google.android.accessibility.talkback.focusmanagement.NavigationTarget.TARGET_HTML_ELEMENT_HEADING_1, com.google.android.accessibility.talkback.focusmanagement.NavigationTarget.TARGET_HTML_ELEMENT_HEADING_2, com.google.android.accessibility.talkback.focusmanagement.NavigationTarget.TARGET_HTML_ELEMENT_HEADING_3, com.google.android.accessibility.talkback.focusmanagement.NavigationTarget.TARGET_HTML_ELEMENT_HEADING_4, com.google.android.accessibility.talkback.focusmanagement.NavigationTarget.TARGET_HTML_ELEMENT_HEADING_5, com.google.android.accessibility.talkback.focusmanagement.NavigationTarget.TARGET_HTML_ELEMENT_HEADING_6, com.google.android.accessibility.talkback.focusmanagement.NavigationTarget.TARGET_HTML_ELEMENT_GRAPHIC, com.google.android.accessibility.talkback.focusmanagement.NavigationTarget.TARGET_HTML_ELEMENT_LIST_ITEM, com.google.android.accessibility.talkback.focusmanagement.NavigationTarget.TARGET_HTML_ELEMENT_TABLE, com.google.android.accessibility.talkback.focusmanagement.NavigationTarget.TARGET_HTML_ELEMENT_COMBOBOX, com.google.android.accessibility.talkback.focusmanagement.NavigationTarget.TARGET_WINDOW}" />
    </annotation>
  </item>
  <item name="com.google.android.accessibility.talkback.focusmanagement.NavigationTarget java.lang.String targetTypeToString(int) 0">
    <annotation name="androidx.annotation.IntDef">
      <val name="value" val="{com.google.android.accessibility.talkback.focusmanagement.NavigationTarget.TARGET_DEFAULT, com.google.android.accessibility.talkback.focusmanagement.NavigationTarget.TARGET_HEADING, com.google.android.accessibility.talkback.focusmanagement.NavigationTarget.TARGET_CONTROL, com.google.android.accessibility.talkback.focusmanagement.NavigationTarget.TARGET_LINK, com.google.android.accessibility.talkback.focusmanagement.NavigationTarget.TARGET_HTML_ELEMENT_LINK, com.google.android.accessibility.talkback.focusmanagement.NavigationTarget.TARGET_HTML_ELEMENT_LIST, com.google.android.accessibility.talkback.focusmanagement.NavigationTarget.TARGET_HTML_ELEMENT_CONTROL, com.google.android.accessibility.talkback.focusmanagement.NavigationTarget.TARGET_HTML_ELEMENT_HEADING, com.google.android.accessibility.talkback.focusmanagement.NavigationTarget.TARGET_HTML_ELEMENT_BUTTON, com.google.android.accessibility.talkback.focusmanagement.NavigationTarget.TARGET_HTML_ELEMENT_CHECKBOX, com.google.android.accessibility.talkback.focusmanagement.NavigationTarget.TARGET_HTML_ELEMENT_ARIA_LANDMARK, com.google.android.accessibility.talkback.focusmanagement.NavigationTarget.TARGET_HTML_ELEMENT_EDIT_FIELD, com.google.android.accessibility.talkback.focusmanagement.NavigationTarget.TARGET_HTML_ELEMENT_FOCUSABLE_ITEM, com.google.android.accessibility.talkback.focusmanagement.NavigationTarget.TARGET_HTML_ELEMENT_HEADING_1, com.google.android.accessibility.talkback.focusmanagement.NavigationTarget.TARGET_HTML_ELEMENT_HEADING_2, com.google.android.accessibility.talkback.focusmanagement.NavigationTarget.TARGET_HTML_ELEMENT_HEADING_3, com.google.android.accessibility.talkback.focusmanagement.NavigationTarget.TARGET_HTML_ELEMENT_HEADING_4, com.google.android.accessibility.talkback.focusmanagement.NavigationTarget.TARGET_HTML_ELEMENT_HEADING_5, com.google.android.accessibility.talkback.focusmanagement.NavigationTarget.TARGET_HTML_ELEMENT_HEADING_6, com.google.android.accessibility.talkback.focusmanagement.NavigationTarget.TARGET_HTML_ELEMENT_GRAPHIC, com.google.android.accessibility.talkback.focusmanagement.NavigationTarget.TARGET_HTML_ELEMENT_LIST_ITEM, com.google.android.accessibility.talkback.focusmanagement.NavigationTarget.TARGET_HTML_ELEMENT_TABLE, com.google.android.accessibility.talkback.focusmanagement.NavigationTarget.TARGET_HTML_ELEMENT_COMBOBOX, com.google.android.accessibility.talkback.focusmanagement.NavigationTarget.TARGET_WINDOW}" />
    </annotation>
  </item>
  <item name="com.google.android.accessibility.talkback.focusmanagement.NavigationTarget.TargetType">
    <annotation name="androidx.annotation.IntDef">
      <val name="value" val="{com.google.android.accessibility.talkback.focusmanagement.NavigationTarget.TARGET_DEFAULT, com.google.android.accessibility.talkback.focusmanagement.NavigationTarget.TARGET_HEADING, com.google.android.accessibility.talkback.focusmanagement.NavigationTarget.TARGET_CONTROL, com.google.android.accessibility.talkback.focusmanagement.NavigationTarget.TARGET_LINK, com.google.android.accessibility.talkback.focusmanagement.NavigationTarget.TARGET_HTML_ELEMENT_LINK, com.google.android.accessibility.talkback.focusmanagement.NavigationTarget.TARGET_HTML_ELEMENT_LIST, com.google.android.accessibility.talkback.focusmanagement.NavigationTarget.TARGET_HTML_ELEMENT_CONTROL, com.google.android.accessibility.talkback.focusmanagement.NavigationTarget.TARGET_HTML_ELEMENT_HEADING, com.google.android.accessibility.talkback.focusmanagement.NavigationTarget.TARGET_HTML_ELEMENT_BUTTON, com.google.android.accessibility.talkback.focusmanagement.NavigationTarget.TARGET_HTML_ELEMENT_CHECKBOX, com.google.android.accessibility.talkback.focusmanagement.NavigationTarget.TARGET_HTML_ELEMENT_ARIA_LANDMARK, com.google.android.accessibility.talkback.focusmanagement.NavigationTarget.TARGET_HTML_ELEMENT_EDIT_FIELD, com.google.android.accessibility.talkback.focusmanagement.NavigationTarget.TARGET_HTML_ELEMENT_FOCUSABLE_ITEM, com.google.android.accessibility.talkback.focusmanagement.NavigationTarget.TARGET_HTML_ELEMENT_HEADING_1, com.google.android.accessibility.talkback.focusmanagement.NavigationTarget.TARGET_HTML_ELEMENT_HEADING_2, com.google.android.accessibility.talkback.focusmanagement.NavigationTarget.TARGET_HTML_ELEMENT_HEADING_3, com.google.android.accessibility.talkback.focusmanagement.NavigationTarget.TARGET_HTML_ELEMENT_HEADING_4, com.google.android.accessibility.talkback.focusmanagement.NavigationTarget.TARGET_HTML_ELEMENT_HEADING_5, com.google.android.accessibility.talkback.focusmanagement.NavigationTarget.TARGET_HTML_ELEMENT_HEADING_6, com.google.android.accessibility.talkback.focusmanagement.NavigationTarget.TARGET_HTML_ELEMENT_GRAPHIC, com.google.android.accessibility.talkback.focusmanagement.NavigationTarget.TARGET_HTML_ELEMENT_LIST_ITEM, com.google.android.accessibility.talkback.focusmanagement.NavigationTarget.TARGET_HTML_ELEMENT_TABLE, com.google.android.accessibility.talkback.focusmanagement.NavigationTarget.TARGET_HTML_ELEMENT_COMBOBOX, com.google.android.accessibility.talkback.focusmanagement.NavigationTarget.TARGET_WINDOW}" />
    </annotation>
  </item>
</root>

