<?xml version="1.0" encoding="UTF-8"?>
<root>
  <item name="com.google.android.accessibility.brailleime.input.BrailleInputPlaneResult type">
    <annotation name="androidx.annotation.IntDef">
      <val name="value" val="{com.google.android.accessibility.brailleime.input.BrailleInputPlaneResult.TYPE_TAP, com.google.android.accessibility.brailleime.input.BrailleInputPlaneResult.TYPE_SWIPE, com.google.android.accessibility.brailleime.input.BrailleInputPlaneResult.TYPE_CALIBRATION}" />
    </annotation>
  </item>
  <item name="com.google.android.accessibility.brailleime.input.BrailleInputPlaneResult.Type">
    <annotation name="androidx.annotation.IntDef">
      <val name="value" val="{com.google.android.accessibility.brailleime.input.BrailleInputPlaneResult.TYPE_TAP, com.google.android.accessibility.brailleime.input.BrailleInputPlaneResult.TYPE_SWIPE, com.google.android.accessibility.brailleime.input.BrailleInputPlaneResult.TYPE_CALIBRATION}" />
    </annotation>
  </item>
  <item name="com.google.android.accessibility.brailleime.input.MultitouchResult type">
    <annotation name="androidx.annotation.IntDef">
      <val name="value" val="{com.google.android.accessibility.brailleime.input.MultitouchResult.TYPE_TAP, com.google.android.accessibility.brailleime.input.MultitouchResult.TYPE_SWIPE, com.google.android.accessibility.brailleime.input.MultitouchResult.TYPE_HOLD}" />
    </annotation>
  </item>
  <item name="com.google.android.accessibility.brailleime.input.MultitouchResult.Type">
    <annotation name="androidx.annotation.IntDef">
      <val name="value" val="{com.google.android.accessibility.brailleime.input.MultitouchResult.TYPE_TAP, com.google.android.accessibility.brailleime.input.MultitouchResult.TYPE_SWIPE, com.google.android.accessibility.brailleime.input.MultitouchResult.TYPE_HOLD}" />
    </annotation>
  </item>
</root>

