<?xml version="1.0" encoding="UTF-8"?>
<root>
  <item name="com.google.android.accessibility.utils.input.InputModeManager int getInputMode()">
    <annotation name="androidx.annotation.IntDef">
      <val name="value" val="{com.google.android.accessibility.utils.input.InputModeManager.INPUT_MODE_UNKNOWN, com.google.android.accessibility.utils.input.InputModeManager.INPUT_MODE_TOUCH, com.google.android.accessibility.utils.input.InputModeManager.INPUT_MODE_KEYBOARD, com.google.android.accessibility.utils.input.InputModeManager.INPUT_MODE_TV_REMOTE, com.google.android.accessibility.utils.input.InputModeManager.INPUT_MODE_NON_ALPHABETIC_KEYBOARD, com.google.android.accessibility.utils.input.InputModeManager.INPUT_MODE_BRAILLE_DISPLAY}" />
    </annotation>
  </item>
  <item name="com.google.android.accessibility.utils.input.InputModeManager java.lang.String inputModeToString(int) 0">
    <annotation name="androidx.annotation.IntDef">
      <val name="value" val="{com.google.android.accessibility.utils.input.InputModeManager.INPUT_MODE_UNKNOWN, com.google.android.accessibility.utils.input.InputModeManager.INPUT_MODE_TOUCH, com.google.android.accessibility.utils.input.InputModeManager.INPUT_MODE_KEYBOARD, com.google.android.accessibility.utils.input.InputModeManager.INPUT_MODE_TV_REMOTE, com.google.android.accessibility.utils.input.InputModeManager.INPUT_MODE_NON_ALPHABETIC_KEYBOARD, com.google.android.accessibility.utils.input.InputModeManager.INPUT_MODE_BRAILLE_DISPLAY}" />
    </annotation>
  </item>
  <item name="com.google.android.accessibility.utils.input.InputModeManager mInputMode">
    <annotation name="androidx.annotation.IntDef">
      <val name="value" val="{com.google.android.accessibility.utils.input.InputModeManager.INPUT_MODE_UNKNOWN, com.google.android.accessibility.utils.input.InputModeManager.INPUT_MODE_TOUCH, com.google.android.accessibility.utils.input.InputModeManager.INPUT_MODE_KEYBOARD, com.google.android.accessibility.utils.input.InputModeManager.INPUT_MODE_TV_REMOTE, com.google.android.accessibility.utils.input.InputModeManager.INPUT_MODE_NON_ALPHABETIC_KEYBOARD, com.google.android.accessibility.utils.input.InputModeManager.INPUT_MODE_BRAILLE_DISPLAY}" />
    </annotation>
  </item>
  <item name="com.google.android.accessibility.utils.input.InputModeManager void setInputMode(int) 0">
    <annotation name="androidx.annotation.IntDef">
      <val name="value" val="{com.google.android.accessibility.utils.input.InputModeManager.INPUT_MODE_UNKNOWN, com.google.android.accessibility.utils.input.InputModeManager.INPUT_MODE_TOUCH, com.google.android.accessibility.utils.input.InputModeManager.INPUT_MODE_KEYBOARD, com.google.android.accessibility.utils.input.InputModeManager.INPUT_MODE_TV_REMOTE, com.google.android.accessibility.utils.input.InputModeManager.INPUT_MODE_NON_ALPHABETIC_KEYBOARD, com.google.android.accessibility.utils.input.InputModeManager.INPUT_MODE_BRAILLE_DISPLAY}" />
    </annotation>
  </item>
  <item name="com.google.android.accessibility.utils.input.InputModeManager.InputMode">
    <annotation name="androidx.annotation.IntDef">
      <val name="value" val="{com.google.android.accessibility.utils.input.InputModeManager.INPUT_MODE_UNKNOWN, com.google.android.accessibility.utils.input.InputModeManager.INPUT_MODE_TOUCH, com.google.android.accessibility.utils.input.InputModeManager.INPUT_MODE_KEYBOARD, com.google.android.accessibility.utils.input.InputModeManager.INPUT_MODE_TV_REMOTE, com.google.android.accessibility.utils.input.InputModeManager.INPUT_MODE_NON_ALPHABETIC_KEYBOARD, com.google.android.accessibility.utils.input.InputModeManager.INPUT_MODE_BRAILLE_DISPLAY}" />
    </annotation>
  </item>
  <item name="com.google.android.accessibility.utils.input.ScrollActionRecord ScrollActionRecord(int, com.google.android.accessibility.utils.AccessibilityNode, androidx.core.view.accessibility.AccessibilityNodeInfoCompat, int, long, java.lang.String) 3">
    <annotation name="androidx.annotation.IntDef">
      <val name="value" val="{com.google.android.accessibility.utils.input.ScrollActionRecord.ACTION_UNKNOWN, com.google.android.accessibility.utils.input.ScrollActionRecord.ACTION_AUTO_SCROLL, com.google.android.accessibility.utils.input.ScrollActionRecord.ACTION_SCROLL_COMMAND, com.google.android.accessibility.utils.input.ScrollActionRecord.ACTION_MANUAL_SCROLL}" />
    </annotation>
  </item>
  <item name="com.google.android.accessibility.utils.input.ScrollActionRecord java.lang.String userActionToString(int) 0">
    <annotation name="androidx.annotation.IntDef">
      <val name="value" val="{com.google.android.accessibility.utils.input.ScrollActionRecord.ACTION_UNKNOWN, com.google.android.accessibility.utils.input.ScrollActionRecord.ACTION_AUTO_SCROLL, com.google.android.accessibility.utils.input.ScrollActionRecord.ACTION_SCROLL_COMMAND, com.google.android.accessibility.utils.input.ScrollActionRecord.ACTION_MANUAL_SCROLL}" />
    </annotation>
  </item>
  <item name="com.google.android.accessibility.utils.input.ScrollActionRecord userAction">
    <annotation name="androidx.annotation.IntDef">
      <val name="value" val="{com.google.android.accessibility.utils.input.ScrollActionRecord.ACTION_UNKNOWN, com.google.android.accessibility.utils.input.ScrollActionRecord.ACTION_AUTO_SCROLL, com.google.android.accessibility.utils.input.ScrollActionRecord.ACTION_SCROLL_COMMAND, com.google.android.accessibility.utils.input.ScrollActionRecord.ACTION_MANUAL_SCROLL}" />
    </annotation>
  </item>
  <item name="com.google.android.accessibility.utils.input.ScrollActionRecord.UserAction">
    <annotation name="androidx.annotation.IntDef">
      <val name="value" val="{com.google.android.accessibility.utils.input.ScrollActionRecord.ACTION_UNKNOWN, com.google.android.accessibility.utils.input.ScrollActionRecord.ACTION_AUTO_SCROLL, com.google.android.accessibility.utils.input.ScrollActionRecord.ACTION_SCROLL_COMMAND, com.google.android.accessibility.utils.input.ScrollActionRecord.ACTION_MANUAL_SCROLL}" />
    </annotation>
  </item>
  <item name="com.google.android.accessibility.utils.input.ScrollEventInterpreter int getScrollDirection(com.google.android.accessibility.utils.input.ScrollEventInterpreter.NodeIdentifier, android.view.accessibility.AccessibilityEvent)">
    <annotation name="androidx.annotation.IntDef">
      <val name="value" val="{com.google.android.accessibility.utils.traversal.TraversalStrategy.SEARCH_FOCUS_UNKNOWN, com.google.android.accessibility.utils.traversal.TraversalStrategy.SEARCH_FOCUS_FORWARD, com.google.android.accessibility.utils.traversal.TraversalStrategy.SEARCH_FOCUS_BACKWARD, com.google.android.accessibility.utils.traversal.TraversalStrategy.SEARCH_FOCUS_LEFT, com.google.android.accessibility.utils.traversal.TraversalStrategy.SEARCH_FOCUS_RIGHT, com.google.android.accessibility.utils.traversal.TraversalStrategy.SEARCH_FOCUS_UP, com.google.android.accessibility.utils.traversal.TraversalStrategy.SEARCH_FOCUS_DOWN}" />
    </annotation>
  </item>
  <item name="com.google.android.accessibility.utils.input.ScrollEventInterpreter int getScrollDirectionFromDeltas(android.view.accessibility.AccessibilityEvent)">
    <annotation name="androidx.annotation.IntDef">
      <val name="value" val="{com.google.android.accessibility.utils.traversal.TraversalStrategy.SEARCH_FOCUS_UNKNOWN, com.google.android.accessibility.utils.traversal.TraversalStrategy.SEARCH_FOCUS_FORWARD, com.google.android.accessibility.utils.traversal.TraversalStrategy.SEARCH_FOCUS_BACKWARD, com.google.android.accessibility.utils.traversal.TraversalStrategy.SEARCH_FOCUS_LEFT, com.google.android.accessibility.utils.traversal.TraversalStrategy.SEARCH_FOCUS_RIGHT, com.google.android.accessibility.utils.traversal.TraversalStrategy.SEARCH_FOCUS_UP, com.google.android.accessibility.utils.traversal.TraversalStrategy.SEARCH_FOCUS_DOWN}" />
    </annotation>
  </item>
  <item name="com.google.android.accessibility.utils.input.ScrollEventInterpreter.ScrollEventInterpretation ScrollEventInterpretation(int, int, boolean, boolean, boolean, boolean, int) 0">
    <annotation name="androidx.annotation.IntDef">
      <val name="value" val="{com.google.android.accessibility.utils.input.ScrollActionRecord.ACTION_UNKNOWN, com.google.android.accessibility.utils.input.ScrollActionRecord.ACTION_AUTO_SCROLL, com.google.android.accessibility.utils.input.ScrollActionRecord.ACTION_SCROLL_COMMAND, com.google.android.accessibility.utils.input.ScrollActionRecord.ACTION_MANUAL_SCROLL}" />
    </annotation>
  </item>
  <item name="com.google.android.accessibility.utils.input.ScrollEventInterpreter.ScrollEventInterpretation ScrollEventInterpretation(int, int, boolean, boolean, boolean, boolean, int) 1">
    <annotation name="androidx.annotation.IntDef">
      <val name="value" val="{com.google.android.accessibility.utils.traversal.TraversalStrategy.SEARCH_FOCUS_UNKNOWN, com.google.android.accessibility.utils.traversal.TraversalStrategy.SEARCH_FOCUS_FORWARD, com.google.android.accessibility.utils.traversal.TraversalStrategy.SEARCH_FOCUS_BACKWARD, com.google.android.accessibility.utils.traversal.TraversalStrategy.SEARCH_FOCUS_LEFT, com.google.android.accessibility.utils.traversal.TraversalStrategy.SEARCH_FOCUS_RIGHT, com.google.android.accessibility.utils.traversal.TraversalStrategy.SEARCH_FOCUS_UP, com.google.android.accessibility.utils.traversal.TraversalStrategy.SEARCH_FOCUS_DOWN}" />
    </annotation>
  </item>
  <item name="com.google.android.accessibility.utils.input.ScrollEventInterpreter.ScrollEventInterpretation scrollDirection">
    <annotation name="androidx.annotation.IntDef">
      <val name="value" val="{com.google.android.accessibility.utils.traversal.TraversalStrategy.SEARCH_FOCUS_UNKNOWN, com.google.android.accessibility.utils.traversal.TraversalStrategy.SEARCH_FOCUS_FORWARD, com.google.android.accessibility.utils.traversal.TraversalStrategy.SEARCH_FOCUS_BACKWARD, com.google.android.accessibility.utils.traversal.TraversalStrategy.SEARCH_FOCUS_LEFT, com.google.android.accessibility.utils.traversal.TraversalStrategy.SEARCH_FOCUS_RIGHT, com.google.android.accessibility.utils.traversal.TraversalStrategy.SEARCH_FOCUS_UP, com.google.android.accessibility.utils.traversal.TraversalStrategy.SEARCH_FOCUS_DOWN}" />
    </annotation>
  </item>
  <item name="com.google.android.accessibility.utils.input.ScrollEventInterpreter.ScrollEventInterpretation userAction">
    <annotation name="androidx.annotation.IntDef">
      <val name="value" val="{com.google.android.accessibility.utils.input.ScrollActionRecord.ACTION_UNKNOWN, com.google.android.accessibility.utils.input.ScrollActionRecord.ACTION_AUTO_SCROLL, com.google.android.accessibility.utils.input.ScrollActionRecord.ACTION_SCROLL_COMMAND, com.google.android.accessibility.utils.input.ScrollActionRecord.ACTION_MANUAL_SCROLL}" />
    </annotation>
  </item>
  <item name="com.google.android.accessibility.utils.input.SpeechStateMonitor boolean isStateValid(int) 0">
    <annotation name="androidx.annotation.IntDef">
      <val name="value" val="{android.view.accessibility.AccessibilityEvent.SPEECH_STATE_SPEAKING_START, android.view.accessibility.AccessibilityEvent.SPEECH_STATE_LISTENING_START}" />
    </annotation>
  </item>
  <item name="com.google.android.accessibility.utils.input.SpeechStateMonitor.ReadSpeechState">
    <annotation name="androidx.annotation.IntDef">
      <val name="value" val="{android.view.accessibility.AccessibilityEvent.SPEECH_STATE_SPEAKING_START, android.view.accessibility.AccessibilityEvent.SPEECH_STATE_LISTENING_START}" />
    </annotation>
  </item>
  <item name="com.google.android.accessibility.utils.input.SpeechStateMonitor.StateTimeStamp StateTimeStamp(int, long) 0">
    <annotation name="androidx.annotation.IntDef">
      <val name="value" val="{android.view.accessibility.AccessibilityEvent.SPEECH_STATE_SPEAKING_START, android.view.accessibility.AccessibilityEvent.SPEECH_STATE_LISTENING_START}" />
    </annotation>
  </item>
  <item name="com.google.android.accessibility.utils.input.SpeechStateMonitor.StateTimeStamp state">
    <annotation name="androidx.annotation.IntDef">
      <val name="value" val="{android.view.accessibility.AccessibilityEvent.SPEECH_STATE_SPEAKING_START, android.view.accessibility.AccessibilityEvent.SPEECH_STATE_LISTENING_START}" />
    </annotation>
  </item>
  <item name="com.google.android.accessibility.utils.input.TextEventFilter onScreenKeyboardEcho">
    <annotation name="androidx.annotation.IntDef">
      <val name="value" val="{com.google.android.accessibility.utils.input.TextEventFilter.PREF_ECHO_NONE, com.google.android.accessibility.utils.input.TextEventFilter.PREF_ECHO_CHARACTERS, com.google.android.accessibility.utils.input.TextEventFilter.PREF_ECHO_WORDS, com.google.android.accessibility.utils.input.TextEventFilter.PREF_ECHO_CHARACTERS_AND_WORDS}" />
    </annotation>
  </item>
  <item name="com.google.android.accessibility.utils.input.TextEventFilter physicalKeyboardEcho">
    <annotation name="androidx.annotation.IntDef">
      <val name="value" val="{com.google.android.accessibility.utils.input.TextEventFilter.PREF_ECHO_NONE, com.google.android.accessibility.utils.input.TextEventFilter.PREF_ECHO_CHARACTERS, com.google.android.accessibility.utils.input.TextEventFilter.PREF_ECHO_WORDS, com.google.android.accessibility.utils.input.TextEventFilter.PREF_ECHO_CHARACTERS_AND_WORDS}" />
    </annotation>
  </item>
  <item name="com.google.android.accessibility.utils.input.TextEventFilter void setOnScreenKeyboardEcho(int) 0">
    <annotation name="androidx.annotation.IntDef">
      <val name="value" val="{com.google.android.accessibility.utils.input.TextEventFilter.PREF_ECHO_NONE, com.google.android.accessibility.utils.input.TextEventFilter.PREF_ECHO_CHARACTERS, com.google.android.accessibility.utils.input.TextEventFilter.PREF_ECHO_WORDS, com.google.android.accessibility.utils.input.TextEventFilter.PREF_ECHO_CHARACTERS_AND_WORDS}" />
    </annotation>
  </item>
  <item name="com.google.android.accessibility.utils.input.TextEventFilter void setPhysicalKeyboardEcho(int) 0">
    <annotation name="androidx.annotation.IntDef">
      <val name="value" val="{com.google.android.accessibility.utils.input.TextEventFilter.PREF_ECHO_NONE, com.google.android.accessibility.utils.input.TextEventFilter.PREF_ECHO_CHARACTERS, com.google.android.accessibility.utils.input.TextEventFilter.PREF_ECHO_WORDS, com.google.android.accessibility.utils.input.TextEventFilter.PREF_ECHO_CHARACTERS_AND_WORDS}" />
    </annotation>
  </item>
  <item name="com.google.android.accessibility.utils.input.TextEventFilter.KeyboardEchoType">
    <annotation name="androidx.annotation.IntDef">
      <val name="value" val="{com.google.android.accessibility.utils.input.TextEventFilter.PREF_ECHO_NONE, com.google.android.accessibility.utils.input.TextEventFilter.PREF_ECHO_CHARACTERS, com.google.android.accessibility.utils.input.TextEventFilter.PREF_ECHO_WORDS, com.google.android.accessibility.utils.input.TextEventFilter.PREF_ECHO_CHARACTERS_AND_WORDS}" />
    </annotation>
  </item>
  <item name="com.google.android.accessibility.utils.input.TextEventInterpretation int getEvent()">
    <annotation name="androidx.annotation.IntDef">
      <val name="value" val="{com.google.android.accessibility.utils.input.TextEventInterpretation.TEXT_CLEAR, com.google.android.accessibility.utils.input.TextEventInterpretation.TEXT_REMOVE, com.google.android.accessibility.utils.input.TextEventInterpretation.TEXT_ADD, com.google.android.accessibility.utils.input.TextEventInterpretation.TEXT_REPLACE, com.google.android.accessibility.utils.input.TextEventInterpretation.TEXT_PASSWORD_ADD, com.google.android.accessibility.utils.input.TextEventInterpretation.TEXT_PASSWORD_REMOVE, com.google.android.accessibility.utils.input.TextEventInterpretation.TEXT_PASSWORD_REPLACE, com.google.android.accessibility.utils.input.TextEventInterpretation.CHANGE_INVALID, com.google.android.accessibility.utils.input.TextEventInterpretation.SELECTION_FOCUS_EDIT_TEXT, com.google.android.accessibility.utils.input.TextEventInterpretation.SELECTION_MOVE_CURSOR_TO_BEGINNING, com.google.android.accessibility.utils.input.TextEventInterpretation.SELECTION_MOVE_CURSOR_TO_END, com.google.android.accessibility.utils.input.TextEventInterpretation.SELECTION_MOVE_CURSOR_NO_SELECTION, com.google.android.accessibility.utils.input.TextEventInterpretation.SELECTION_MOVE_CURSOR_WITH_SELECTION, com.google.android.accessibility.utils.input.TextEventInterpretation.SELECTION_MOVE_CURSOR_SELECTION_CLEARED, com.google.android.accessibility.utils.input.TextEventInterpretation.SELECTION_CUT, com.google.android.accessibility.utils.input.TextEventInterpretation.SELECTION_PASTE, com.google.android.accessibility.utils.input.TextEventInterpretation.SELECTION_TEXT_TRAVERSAL, com.google.android.accessibility.utils.input.TextEventInterpretation.SELECTION_SELECT_ALL, com.google.android.accessibility.utils.input.TextEventInterpretation.SELECTION_SELECT_ALL_WITH_KEYBOARD, com.google.android.accessibility.utils.input.TextEventInterpretation.SELECTION_RESET_SELECTION}" />
    </annotation>
  </item>
  <item name="com.google.android.accessibility.utils.input.TextEventInterpretation java.lang.String eventTypeToString(int) 0">
    <annotation name="androidx.annotation.IntDef">
      <val name="value" val="{com.google.android.accessibility.utils.input.TextEventInterpretation.TEXT_CLEAR, com.google.android.accessibility.utils.input.TextEventInterpretation.TEXT_REMOVE, com.google.android.accessibility.utils.input.TextEventInterpretation.TEXT_ADD, com.google.android.accessibility.utils.input.TextEventInterpretation.TEXT_REPLACE, com.google.android.accessibility.utils.input.TextEventInterpretation.TEXT_PASSWORD_ADD, com.google.android.accessibility.utils.input.TextEventInterpretation.TEXT_PASSWORD_REMOVE, com.google.android.accessibility.utils.input.TextEventInterpretation.TEXT_PASSWORD_REPLACE, com.google.android.accessibility.utils.input.TextEventInterpretation.CHANGE_INVALID, com.google.android.accessibility.utils.input.TextEventInterpretation.SELECTION_FOCUS_EDIT_TEXT, com.google.android.accessibility.utils.input.TextEventInterpretation.SELECTION_MOVE_CURSOR_TO_BEGINNING, com.google.android.accessibility.utils.input.TextEventInterpretation.SELECTION_MOVE_CURSOR_TO_END, com.google.android.accessibility.utils.input.TextEventInterpretation.SELECTION_MOVE_CURSOR_NO_SELECTION, com.google.android.accessibility.utils.input.TextEventInterpretation.SELECTION_MOVE_CURSOR_WITH_SELECTION, com.google.android.accessibility.utils.input.TextEventInterpretation.SELECTION_MOVE_CURSOR_SELECTION_CLEARED, com.google.android.accessibility.utils.input.TextEventInterpretation.SELECTION_CUT, com.google.android.accessibility.utils.input.TextEventInterpretation.SELECTION_PASTE, com.google.android.accessibility.utils.input.TextEventInterpretation.SELECTION_TEXT_TRAVERSAL, com.google.android.accessibility.utils.input.TextEventInterpretation.SELECTION_SELECT_ALL, com.google.android.accessibility.utils.input.TextEventInterpretation.SELECTION_SELECT_ALL_WITH_KEYBOARD, com.google.android.accessibility.utils.input.TextEventInterpretation.SELECTION_RESET_SELECTION}" />
    </annotation>
  </item>
  <item name="com.google.android.accessibility.utils.input.TextEventInterpretation void setEvent(int) 0">
    <annotation name="androidx.annotation.IntDef">
      <val name="value" val="{com.google.android.accessibility.utils.input.TextEventInterpretation.TEXT_CLEAR, com.google.android.accessibility.utils.input.TextEventInterpretation.TEXT_REMOVE, com.google.android.accessibility.utils.input.TextEventInterpretation.TEXT_ADD, com.google.android.accessibility.utils.input.TextEventInterpretation.TEXT_REPLACE, com.google.android.accessibility.utils.input.TextEventInterpretation.TEXT_PASSWORD_ADD, com.google.android.accessibility.utils.input.TextEventInterpretation.TEXT_PASSWORD_REMOVE, com.google.android.accessibility.utils.input.TextEventInterpretation.TEXT_PASSWORD_REPLACE, com.google.android.accessibility.utils.input.TextEventInterpretation.CHANGE_INVALID, com.google.android.accessibility.utils.input.TextEventInterpretation.SELECTION_FOCUS_EDIT_TEXT, com.google.android.accessibility.utils.input.TextEventInterpretation.SELECTION_MOVE_CURSOR_TO_BEGINNING, com.google.android.accessibility.utils.input.TextEventInterpretation.SELECTION_MOVE_CURSOR_TO_END, com.google.android.accessibility.utils.input.TextEventInterpretation.SELECTION_MOVE_CURSOR_NO_SELECTION, com.google.android.accessibility.utils.input.TextEventInterpretation.SELECTION_MOVE_CURSOR_WITH_SELECTION, com.google.android.accessibility.utils.input.TextEventInterpretation.SELECTION_MOVE_CURSOR_SELECTION_CLEARED, com.google.android.accessibility.utils.input.TextEventInterpretation.SELECTION_CUT, com.google.android.accessibility.utils.input.TextEventInterpretation.SELECTION_PASTE, com.google.android.accessibility.utils.input.TextEventInterpretation.SELECTION_TEXT_TRAVERSAL, com.google.android.accessibility.utils.input.TextEventInterpretation.SELECTION_SELECT_ALL, com.google.android.accessibility.utils.input.TextEventInterpretation.SELECTION_SELECT_ALL_WITH_KEYBOARD, com.google.android.accessibility.utils.input.TextEventInterpretation.SELECTION_RESET_SELECTION}" />
    </annotation>
  </item>
  <item name="com.google.android.accessibility.utils.input.TextEventInterpretation.TextEvent">
    <annotation name="androidx.annotation.IntDef">
      <val name="value" val="{com.google.android.accessibility.utils.input.TextEventInterpretation.TEXT_CLEAR, com.google.android.accessibility.utils.input.TextEventInterpretation.TEXT_REMOVE, com.google.android.accessibility.utils.input.TextEventInterpretation.TEXT_ADD, com.google.android.accessibility.utils.input.TextEventInterpretation.TEXT_REPLACE, com.google.android.accessibility.utils.input.TextEventInterpretation.TEXT_PASSWORD_ADD, com.google.android.accessibility.utils.input.TextEventInterpretation.TEXT_PASSWORD_REMOVE, com.google.android.accessibility.utils.input.TextEventInterpretation.TEXT_PASSWORD_REPLACE, com.google.android.accessibility.utils.input.TextEventInterpretation.CHANGE_INVALID, com.google.android.accessibility.utils.input.TextEventInterpretation.SELECTION_FOCUS_EDIT_TEXT, com.google.android.accessibility.utils.input.TextEventInterpretation.SELECTION_MOVE_CURSOR_TO_BEGINNING, com.google.android.accessibility.utils.input.TextEventInterpretation.SELECTION_MOVE_CURSOR_TO_END, com.google.android.accessibility.utils.input.TextEventInterpretation.SELECTION_MOVE_CURSOR_NO_SELECTION, com.google.android.accessibility.utils.input.TextEventInterpretation.SELECTION_MOVE_CURSOR_WITH_SELECTION, com.google.android.accessibility.utils.input.TextEventInterpretation.SELECTION_MOVE_CURSOR_SELECTION_CLEARED, com.google.android.accessibility.utils.input.TextEventInterpretation.SELECTION_CUT, com.google.android.accessibility.utils.input.TextEventInterpretation.SELECTION_PASTE, com.google.android.accessibility.utils.input.TextEventInterpretation.SELECTION_TEXT_TRAVERSAL, com.google.android.accessibility.utils.input.TextEventInterpretation.SELECTION_SELECT_ALL, com.google.android.accessibility.utils.input.TextEventInterpretation.SELECTION_SELECT_ALL_WITH_KEYBOARD, com.google.android.accessibility.utils.input.TextEventInterpretation.SELECTION_RESET_SELECTION}" />
    </annotation>
  </item>
  <item name="com.google.android.accessibility.utils.input.TextEventInterpreter void setOnScreenKeyboardEcho(int) 0">
    <annotation name="androidx.annotation.IntDef">
      <val name="value" val="{com.google.android.accessibility.utils.input.TextEventFilter.PREF_ECHO_NONE, com.google.android.accessibility.utils.input.TextEventFilter.PREF_ECHO_CHARACTERS, com.google.android.accessibility.utils.input.TextEventFilter.PREF_ECHO_WORDS, com.google.android.accessibility.utils.input.TextEventFilter.PREF_ECHO_CHARACTERS_AND_WORDS}" />
    </annotation>
  </item>
  <item name="com.google.android.accessibility.utils.input.TextEventInterpreter void setPhysicalKeyboardEcho(int) 0">
    <annotation name="androidx.annotation.IntDef">
      <val name="value" val="{com.google.android.accessibility.utils.input.TextEventFilter.PREF_ECHO_NONE, com.google.android.accessibility.utils.input.TextEventFilter.PREF_ECHO_CHARACTERS, com.google.android.accessibility.utils.input.TextEventFilter.PREF_ECHO_WORDS, com.google.android.accessibility.utils.input.TextEventFilter.PREF_ECHO_CHARACTERS_AND_WORDS}" />
    </annotation>
  </item>
  <item name="com.google.android.accessibility.utils.input.WindowEventInterpreter.EventInterpretation anchorNodeRole">
    <annotation name="androidx.annotation.IntDef">
      <val name="value" val="{com.google.android.accessibility.utils.Role.ROLE_NONE, com.google.android.accessibility.utils.Role.ROLE_BUTTON, com.google.android.accessibility.utils.Role.ROLE_CHECK_BOX, com.google.android.accessibility.utils.Role.ROLE_CHECKED_TEXT_VIEW, com.google.android.accessibility.utils.Role.ROLE_DROP_DOWN_LIST, com.google.android.accessibility.utils.Role.ROLE_EDIT_TEXT, com.google.android.accessibility.utils.Role.ROLE_GRID, com.google.android.accessibility.utils.Role.ROLE_IMAGE, com.google.android.accessibility.utils.Role.ROLE_IMAGE_BUTTON, com.google.android.accessibility.utils.Role.ROLE_LIST, com.google.android.accessibility.utils.Role.ROLE_PAGER, com.google.android.accessibility.utils.Role.ROLE_RADIO_BUTTON, com.google.android.accessibility.utils.Role.ROLE_SEEK_CONTROL, com.google.android.accessibility.utils.Role.ROLE_SWITCH, com.google.android.accessibility.utils.Role.ROLE_TAB_BAR, com.google.android.accessibility.utils.Role.ROLE_TOGGLE_BUTTON, com.google.android.accessibility.utils.Role.ROLE_VIEW_GROUP, com.google.android.accessibility.utils.Role.ROLE_WEB_VIEW, com.google.android.accessibility.utils.Role.ROLE_PROGRESS_BAR, com.google.android.accessibility.utils.Role.ROLE_ACTION_BAR_TAB, com.google.android.accessibility.utils.Role.ROLE_DRAWER_LAYOUT, com.google.android.accessibility.utils.Role.ROLE_SLIDING_DRAWER, com.google.android.accessibility.utils.Role.ROLE_ICON_MENU, com.google.android.accessibility.utils.Role.ROLE_TOAST, com.google.android.accessibility.utils.Role.ROLE_ALERT_DIALOG, com.google.android.accessibility.utils.Role.ROLE_DATE_PICKER_DIALOG, com.google.android.accessibility.utils.Role.ROLE_TIME_PICKER_DIALOG, com.google.android.accessibility.utils.Role.ROLE_DATE_PICKER, com.google.android.accessibility.utils.Role.ROLE_TIME_PICKER, com.google.android.accessibility.utils.Role.ROLE_NUMBER_PICKER, com.google.android.accessibility.utils.Role.ROLE_SCROLL_VIEW, com.google.android.accessibility.utils.Role.ROLE_HORIZONTAL_SCROLL_VIEW, com.google.android.accessibility.utils.Role.ROLE_KEYBOARD_KEY, com.google.android.accessibility.utils.Role.ROLE_TALKBACK_EDIT_TEXT_OVERLAY, com.google.android.accessibility.utils.Role.ROLE_TEXT_ENTRY_KEY}" />
    </annotation>
  </item>
  <item name="com.google.android.accessibility.utils.input.WindowEventInterpreter.EventInterpretation int getAnchorNodeRole()">
    <annotation name="androidx.annotation.IntDef">
      <val name="value" val="{com.google.android.accessibility.utils.Role.ROLE_NONE, com.google.android.accessibility.utils.Role.ROLE_BUTTON, com.google.android.accessibility.utils.Role.ROLE_CHECK_BOX, com.google.android.accessibility.utils.Role.ROLE_CHECKED_TEXT_VIEW, com.google.android.accessibility.utils.Role.ROLE_DROP_DOWN_LIST, com.google.android.accessibility.utils.Role.ROLE_EDIT_TEXT, com.google.android.accessibility.utils.Role.ROLE_GRID, com.google.android.accessibility.utils.Role.ROLE_IMAGE, com.google.android.accessibility.utils.Role.ROLE_IMAGE_BUTTON, com.google.android.accessibility.utils.Role.ROLE_LIST, com.google.android.accessibility.utils.Role.ROLE_PAGER, com.google.android.accessibility.utils.Role.ROLE_RADIO_BUTTON, com.google.android.accessibility.utils.Role.ROLE_SEEK_CONTROL, com.google.android.accessibility.utils.Role.ROLE_SWITCH, com.google.android.accessibility.utils.Role.ROLE_TAB_BAR, com.google.android.accessibility.utils.Role.ROLE_TOGGLE_BUTTON, com.google.android.accessibility.utils.Role.ROLE_VIEW_GROUP, com.google.android.accessibility.utils.Role.ROLE_WEB_VIEW, com.google.android.accessibility.utils.Role.ROLE_PROGRESS_BAR, com.google.android.accessibility.utils.Role.ROLE_ACTION_BAR_TAB, com.google.android.accessibility.utils.Role.ROLE_DRAWER_LAYOUT, com.google.android.accessibility.utils.Role.ROLE_SLIDING_DRAWER, com.google.android.accessibility.utils.Role.ROLE_ICON_MENU, com.google.android.accessibility.utils.Role.ROLE_TOAST, com.google.android.accessibility.utils.Role.ROLE_ALERT_DIALOG, com.google.android.accessibility.utils.Role.ROLE_DATE_PICKER_DIALOG, com.google.android.accessibility.utils.Role.ROLE_TIME_PICKER_DIALOG, com.google.android.accessibility.utils.Role.ROLE_DATE_PICKER, com.google.android.accessibility.utils.Role.ROLE_TIME_PICKER, com.google.android.accessibility.utils.Role.ROLE_NUMBER_PICKER, com.google.android.accessibility.utils.Role.ROLE_SCROLL_VIEW, com.google.android.accessibility.utils.Role.ROLE_HORIZONTAL_SCROLL_VIEW, com.google.android.accessibility.utils.Role.ROLE_KEYBOARD_KEY, com.google.android.accessibility.utils.Role.ROLE_TALKBACK_EDIT_TEXT_OVERLAY, com.google.android.accessibility.utils.Role.ROLE_TEXT_ENTRY_KEY}" />
    </annotation>
  </item>
  <item name="com.google.android.accessibility.utils.input.WindowEventInterpreter.EventInterpretation void setAnchorNodeRole(int) 0">
    <annotation name="androidx.annotation.IntDef">
      <val name="value" val="{com.google.android.accessibility.utils.Role.ROLE_NONE, com.google.android.accessibility.utils.Role.ROLE_BUTTON, com.google.android.accessibility.utils.Role.ROLE_CHECK_BOX, com.google.android.accessibility.utils.Role.ROLE_CHECKED_TEXT_VIEW, com.google.android.accessibility.utils.Role.ROLE_DROP_DOWN_LIST, com.google.android.accessibility.utils.Role.ROLE_EDIT_TEXT, com.google.android.accessibility.utils.Role.ROLE_GRID, com.google.android.accessibility.utils.Role.ROLE_IMAGE, com.google.android.accessibility.utils.Role.ROLE_IMAGE_BUTTON, com.google.android.accessibility.utils.Role.ROLE_LIST, com.google.android.accessibility.utils.Role.ROLE_PAGER, com.google.android.accessibility.utils.Role.ROLE_RADIO_BUTTON, com.google.android.accessibility.utils.Role.ROLE_SEEK_CONTROL, com.google.android.accessibility.utils.Role.ROLE_SWITCH, com.google.android.accessibility.utils.Role.ROLE_TAB_BAR, com.google.android.accessibility.utils.Role.ROLE_TOGGLE_BUTTON, com.google.android.accessibility.utils.Role.ROLE_VIEW_GROUP, com.google.android.accessibility.utils.Role.ROLE_WEB_VIEW, com.google.android.accessibility.utils.Role.ROLE_PROGRESS_BAR, com.google.android.accessibility.utils.Role.ROLE_ACTION_BAR_TAB, com.google.android.accessibility.utils.Role.ROLE_DRAWER_LAYOUT, com.google.android.accessibility.utils.Role.ROLE_SLIDING_DRAWER, com.google.android.accessibility.utils.Role.ROLE_ICON_MENU, com.google.android.accessibility.utils.Role.ROLE_TOAST, com.google.android.accessibility.utils.Role.ROLE_ALERT_DIALOG, com.google.android.accessibility.utils.Role.ROLE_DATE_PICKER_DIALOG, com.google.android.accessibility.utils.Role.ROLE_TIME_PICKER_DIALOG, com.google.android.accessibility.utils.Role.ROLE_DATE_PICKER, com.google.android.accessibility.utils.Role.ROLE_TIME_PICKER, com.google.android.accessibility.utils.Role.ROLE_NUMBER_PICKER, com.google.android.accessibility.utils.Role.ROLE_SCROLL_VIEW, com.google.android.accessibility.utils.Role.ROLE_HORIZONTAL_SCROLL_VIEW, com.google.android.accessibility.utils.Role.ROLE_KEYBOARD_KEY, com.google.android.accessibility.utils.Role.ROLE_TALKBACK_EDIT_TEXT_OVERLAY, com.google.android.accessibility.utils.Role.ROLE_TEXT_ENTRY_KEY}" />
    </annotation>
  </item>
  <item name="com.google.android.accessibility.utils.input.WindowEventInterpreter.Window eventSourceRole">
    <annotation name="androidx.annotation.IntDef">
      <val name="value" val="{com.google.android.accessibility.utils.Role.ROLE_NONE, com.google.android.accessibility.utils.Role.ROLE_BUTTON, com.google.android.accessibility.utils.Role.ROLE_CHECK_BOX, com.google.android.accessibility.utils.Role.ROLE_CHECKED_TEXT_VIEW, com.google.android.accessibility.utils.Role.ROLE_DROP_DOWN_LIST, com.google.android.accessibility.utils.Role.ROLE_EDIT_TEXT, com.google.android.accessibility.utils.Role.ROLE_GRID, com.google.android.accessibility.utils.Role.ROLE_IMAGE, com.google.android.accessibility.utils.Role.ROLE_IMAGE_BUTTON, com.google.android.accessibility.utils.Role.ROLE_LIST, com.google.android.accessibility.utils.Role.ROLE_PAGER, com.google.android.accessibility.utils.Role.ROLE_RADIO_BUTTON, com.google.android.accessibility.utils.Role.ROLE_SEEK_CONTROL, com.google.android.accessibility.utils.Role.ROLE_SWITCH, com.google.android.accessibility.utils.Role.ROLE_TAB_BAR, com.google.android.accessibility.utils.Role.ROLE_TOGGLE_BUTTON, com.google.android.accessibility.utils.Role.ROLE_VIEW_GROUP, com.google.android.accessibility.utils.Role.ROLE_WEB_VIEW, com.google.android.accessibility.utils.Role.ROLE_PROGRESS_BAR, com.google.android.accessibility.utils.Role.ROLE_ACTION_BAR_TAB, com.google.android.accessibility.utils.Role.ROLE_DRAWER_LAYOUT, com.google.android.accessibility.utils.Role.ROLE_SLIDING_DRAWER, com.google.android.accessibility.utils.Role.ROLE_ICON_MENU, com.google.android.accessibility.utils.Role.ROLE_TOAST, com.google.android.accessibility.utils.Role.ROLE_ALERT_DIALOG, com.google.android.accessibility.utils.Role.ROLE_DATE_PICKER_DIALOG, com.google.android.accessibility.utils.Role.ROLE_TIME_PICKER_DIALOG, com.google.android.accessibility.utils.Role.ROLE_DATE_PICKER, com.google.android.accessibility.utils.Role.ROLE_TIME_PICKER, com.google.android.accessibility.utils.Role.ROLE_NUMBER_PICKER, com.google.android.accessibility.utils.Role.ROLE_SCROLL_VIEW, com.google.android.accessibility.utils.Role.ROLE_HORIZONTAL_SCROLL_VIEW, com.google.android.accessibility.utils.Role.ROLE_KEYBOARD_KEY, com.google.android.accessibility.utils.Role.ROLE_TALKBACK_EDIT_TEXT_OVERLAY, com.google.android.accessibility.utils.Role.ROLE_TEXT_ENTRY_KEY}" />
    </annotation>
  </item>
</root>

