<?xml version="1.0" encoding="UTF-8"?>
<root>
  <item name="com.google.android.accessibility.talkback.analytics.TalkBackAnalytics void onLocalContextMenuAction(int, int) 0">
    <annotation name="androidx.annotation.IntDef">
      <val name="value" val="{com.google.android.accessibility.talkback.analytics.TalkBackAnalytics.MENU_TYPE_UNKNOWN, com.google.android.accessibility.talkback.analytics.TalkBackAnalytics.MENU_TYPE_GRANULARITY, com.google.android.accessibility.talkback.analytics.TalkBackAnalytics.MENU_TYPE_EDIT_OPTIONS, com.google.android.accessibility.talkback.analytics.TalkBackAnalytics.MENU_TYPE_VIEW_PAGER, com.google.android.accessibility.talkback.analytics.TalkBackAnalytics.MENU_TYPE_LABELING, com.google.android.accessibility.talkback.analytics.TalkBackAnalytics.MENU_TYPE_CUSTOM_ACTION, com.google.android.accessibility.talkback.analytics.TalkBackAnalytics.MENU_TYPE_SEEK_BAR, com.google.android.accessibility.talkback.analytics.TalkBackAnalytics.MENU_TYPE_SPANNABLES}" />
    </annotation>
  </item>
  <item name="com.google.android.accessibility.talkback.analytics.TalkBackAnalytics void onManuallyChangeSetting(java.lang.String, int, boolean) 1">
    <annotation name="androidx.annotation.IntDef">
      <val name="value" val="{com.google.android.accessibility.talkback.analytics.TalkBackAnalytics.TYPE_UNKNOWN, com.google.android.accessibility.talkback.analytics.TalkBackAnalytics.TYPE_PREFERENCE_SETTING, com.google.android.accessibility.talkback.analytics.TalkBackAnalytics.TYPE_GESTURE, com.google.android.accessibility.talkback.analytics.TalkBackAnalytics.TYPE_CONTEXT_MENU, com.google.android.accessibility.talkback.analytics.TalkBackAnalytics.TYPE_SELECTOR}" />
    </annotation>
  </item>
  <item name="com.google.android.accessibility.talkback.analytics.TalkBackAnalytics void onVoiceCommandEvent(int) 0">
    <annotation name="androidx.annotation.IntDef">
      <val name="value" val="{com.google.android.accessibility.talkback.analytics.TalkBackAnalytics.VOICE_COMMAND_ATTEMPT, com.google.android.accessibility.talkback.analytics.TalkBackAnalytics.VOICE_COMMAND_TIMEOUT, com.google.android.accessibility.talkback.analytics.TalkBackAnalytics.VOICE_COMMAND_RECOGNIZED, com.google.android.accessibility.talkback.analytics.TalkBackAnalytics.VOICE_COMMAND_UNRECOGNIZED, com.google.android.accessibility.talkback.analytics.TalkBackAnalytics.VOICE_COMMAND_ENGINE_ERROR}" />
    </annotation>
  </item>
  <item name="com.google.android.accessibility.talkback.analytics.TalkBackAnalytics.LocalContextMenuType">
    <annotation name="androidx.annotation.IntDef">
      <val name="value" val="{com.google.android.accessibility.talkback.analytics.TalkBackAnalytics.MENU_TYPE_UNKNOWN, com.google.android.accessibility.talkback.analytics.TalkBackAnalytics.MENU_TYPE_GRANULARITY, com.google.android.accessibility.talkback.analytics.TalkBackAnalytics.MENU_TYPE_EDIT_OPTIONS, com.google.android.accessibility.talkback.analytics.TalkBackAnalytics.MENU_TYPE_VIEW_PAGER, com.google.android.accessibility.talkback.analytics.TalkBackAnalytics.MENU_TYPE_LABELING, com.google.android.accessibility.talkback.analytics.TalkBackAnalytics.MENU_TYPE_CUSTOM_ACTION, com.google.android.accessibility.talkback.analytics.TalkBackAnalytics.MENU_TYPE_SEEK_BAR, com.google.android.accessibility.talkback.analytics.TalkBackAnalytics.MENU_TYPE_SPANNABLES}" />
    </annotation>
  </item>
  <item name="com.google.android.accessibility.talkback.analytics.TalkBackAnalytics.UserActionType">
    <annotation name="androidx.annotation.IntDef">
      <val name="value" val="{com.google.android.accessibility.talkback.analytics.TalkBackAnalytics.TYPE_UNKNOWN, com.google.android.accessibility.talkback.analytics.TalkBackAnalytics.TYPE_PREFERENCE_SETTING, com.google.android.accessibility.talkback.analytics.TalkBackAnalytics.TYPE_GESTURE, com.google.android.accessibility.talkback.analytics.TalkBackAnalytics.TYPE_CONTEXT_MENU, com.google.android.accessibility.talkback.analytics.TalkBackAnalytics.TYPE_SELECTOR}" />
    </annotation>
  </item>
  <item name="com.google.android.accessibility.talkback.analytics.TalkBackAnalytics.VoiceCommandEventId">
    <annotation name="androidx.annotation.IntDef">
      <val name="value" val="{com.google.android.accessibility.talkback.analytics.TalkBackAnalytics.VOICE_COMMAND_ATTEMPT, com.google.android.accessibility.talkback.analytics.TalkBackAnalytics.VOICE_COMMAND_TIMEOUT, com.google.android.accessibility.talkback.analytics.TalkBackAnalytics.VOICE_COMMAND_RECOGNIZED, com.google.android.accessibility.talkback.analytics.TalkBackAnalytics.VOICE_COMMAND_UNRECOGNIZED, com.google.android.accessibility.talkback.analytics.TalkBackAnalytics.VOICE_COMMAND_ENGINE_ERROR}" />
    </annotation>
  </item>
</root>

