<?xml version="1.0" encoding="UTF-8"?>
<root>
  <item name="com.google.android.accessibility.talkback.focusmanagement.record.FocusActionInfo initialFocusType">
    <annotation name="androidx.annotation.IntDef">
      <val name="value" val="{com.google.android.accessibility.talkback.focusmanagement.record.FocusActionInfo.UNDEFINED, com.google.android.accessibility.talkback.focusmanagement.record.FocusActionInfo.FIRST_FOCUSABLE_NODE, com.google.android.accessibility.talkback.focusmanagement.record.FocusActionInfo.RESTORED_LAST_FOCUS, com.google.android.accessibility.talkback.focusmanagement.record.FocusActionInfo.SYNCED_EDIT_TEXT}" />
    </annotation>
  </item>
  <item name="com.google.android.accessibility.talkback.focusmanagement.record.FocusActionInfo java.lang.String initialFocusTypeToString(int) 0">
    <annotation name="androidx.annotation.IntDef">
      <val name="value" val="{com.google.android.accessibility.talkback.focusmanagement.record.FocusActionInfo.UNDEFINED, com.google.android.accessibility.talkback.focusmanagement.record.FocusActionInfo.FIRST_FOCUSABLE_NODE, com.google.android.accessibility.talkback.focusmanagement.record.FocusActionInfo.RESTORED_LAST_FOCUS, com.google.android.accessibility.talkback.focusmanagement.record.FocusActionInfo.SYNCED_EDIT_TEXT}" />
    </annotation>
  </item>
  <item name="com.google.android.accessibility.talkback.focusmanagement.record.FocusActionInfo java.lang.String sourceActionToString(int) 0">
    <annotation name="androidx.annotation.IntDef">
      <val name="value" val="{com.google.android.accessibility.talkback.focusmanagement.record.FocusActionInfo.UNKNOWN, com.google.android.accessibility.talkback.focusmanagement.record.FocusActionInfo.MANUAL_SCROLL, com.google.android.accessibility.talkback.focusmanagement.record.FocusActionInfo.TOUCH_EXPLORATION, com.google.android.accessibility.talkback.focusmanagement.record.FocusActionInfo.FOCUS_SYNCHRONIZATION, com.google.android.accessibility.talkback.focusmanagement.record.FocusActionInfo.LOGICAL_NAVIGATION, com.google.android.accessibility.talkback.focusmanagement.record.FocusActionInfo.SCREEN_STATE_CHANGE, com.google.android.accessibility.talkback.focusmanagement.record.FocusActionInfo.ENSURE_ON_SCREEN}" />
    </annotation>
  </item>
  <item name="com.google.android.accessibility.talkback.focusmanagement.record.FocusActionInfo sourceAction">
    <annotation name="androidx.annotation.IntDef">
      <val name="value" val="{com.google.android.accessibility.talkback.focusmanagement.record.FocusActionInfo.UNKNOWN, com.google.android.accessibility.talkback.focusmanagement.record.FocusActionInfo.MANUAL_SCROLL, com.google.android.accessibility.talkback.focusmanagement.record.FocusActionInfo.TOUCH_EXPLORATION, com.google.android.accessibility.talkback.focusmanagement.record.FocusActionInfo.FOCUS_SYNCHRONIZATION, com.google.android.accessibility.talkback.focusmanagement.record.FocusActionInfo.LOGICAL_NAVIGATION, com.google.android.accessibility.talkback.focusmanagement.record.FocusActionInfo.SCREEN_STATE_CHANGE, com.google.android.accessibility.talkback.focusmanagement.record.FocusActionInfo.ENSURE_ON_SCREEN}" />
    </annotation>
  </item>
  <item name="com.google.android.accessibility.talkback.focusmanagement.record.FocusActionInfo.Builder com.google.android.accessibility.talkback.focusmanagement.record.FocusActionInfo.Builder setInitialFocusType(int) 0">
    <annotation name="androidx.annotation.IntDef">
      <val name="value" val="{com.google.android.accessibility.talkback.focusmanagement.record.FocusActionInfo.UNDEFINED, com.google.android.accessibility.talkback.focusmanagement.record.FocusActionInfo.FIRST_FOCUSABLE_NODE, com.google.android.accessibility.talkback.focusmanagement.record.FocusActionInfo.RESTORED_LAST_FOCUS, com.google.android.accessibility.talkback.focusmanagement.record.FocusActionInfo.SYNCED_EDIT_TEXT}" />
    </annotation>
  </item>
  <item name="com.google.android.accessibility.talkback.focusmanagement.record.FocusActionInfo.Builder com.google.android.accessibility.talkback.focusmanagement.record.FocusActionInfo.Builder setSourceAction(int) 0">
    <annotation name="androidx.annotation.IntDef">
      <val name="value" val="{com.google.android.accessibility.talkback.focusmanagement.record.FocusActionInfo.UNKNOWN, com.google.android.accessibility.talkback.focusmanagement.record.FocusActionInfo.MANUAL_SCROLL, com.google.android.accessibility.talkback.focusmanagement.record.FocusActionInfo.TOUCH_EXPLORATION, com.google.android.accessibility.talkback.focusmanagement.record.FocusActionInfo.FOCUS_SYNCHRONIZATION, com.google.android.accessibility.talkback.focusmanagement.record.FocusActionInfo.LOGICAL_NAVIGATION, com.google.android.accessibility.talkback.focusmanagement.record.FocusActionInfo.SCREEN_STATE_CHANGE, com.google.android.accessibility.talkback.focusmanagement.record.FocusActionInfo.ENSURE_ON_SCREEN}" />
    </annotation>
  </item>
  <item name="com.google.android.accessibility.talkback.focusmanagement.record.FocusActionInfo.Builder initialFocusType">
    <annotation name="androidx.annotation.IntDef">
      <val name="value" val="{com.google.android.accessibility.talkback.focusmanagement.record.FocusActionInfo.UNDEFINED, com.google.android.accessibility.talkback.focusmanagement.record.FocusActionInfo.FIRST_FOCUSABLE_NODE, com.google.android.accessibility.talkback.focusmanagement.record.FocusActionInfo.RESTORED_LAST_FOCUS, com.google.android.accessibility.talkback.focusmanagement.record.FocusActionInfo.SYNCED_EDIT_TEXT}" />
    </annotation>
  </item>
  <item name="com.google.android.accessibility.talkback.focusmanagement.record.FocusActionInfo.Builder sourceAction">
    <annotation name="androidx.annotation.IntDef">
      <val name="value" val="{com.google.android.accessibility.talkback.focusmanagement.record.FocusActionInfo.UNKNOWN, com.google.android.accessibility.talkback.focusmanagement.record.FocusActionInfo.MANUAL_SCROLL, com.google.android.accessibility.talkback.focusmanagement.record.FocusActionInfo.TOUCH_EXPLORATION, com.google.android.accessibility.talkback.focusmanagement.record.FocusActionInfo.FOCUS_SYNCHRONIZATION, com.google.android.accessibility.talkback.focusmanagement.record.FocusActionInfo.LOGICAL_NAVIGATION, com.google.android.accessibility.talkback.focusmanagement.record.FocusActionInfo.SCREEN_STATE_CHANGE, com.google.android.accessibility.talkback.focusmanagement.record.FocusActionInfo.ENSURE_ON_SCREEN}" />
    </annotation>
  </item>
  <item name="com.google.android.accessibility.talkback.focusmanagement.record.FocusActionInfo.InitialFocusType">
    <annotation name="androidx.annotation.IntDef">
      <val name="value" val="{com.google.android.accessibility.talkback.focusmanagement.record.FocusActionInfo.UNDEFINED, com.google.android.accessibility.talkback.focusmanagement.record.FocusActionInfo.FIRST_FOCUSABLE_NODE, com.google.android.accessibility.talkback.focusmanagement.record.FocusActionInfo.RESTORED_LAST_FOCUS, com.google.android.accessibility.talkback.focusmanagement.record.FocusActionInfo.SYNCED_EDIT_TEXT}" />
    </annotation>
  </item>
  <item name="com.google.android.accessibility.talkback.focusmanagement.record.FocusActionInfo.SourceAction">
    <annotation name="androidx.annotation.IntDef">
      <val name="value" val="{com.google.android.accessibility.talkback.focusmanagement.record.FocusActionInfo.UNKNOWN, com.google.android.accessibility.talkback.focusmanagement.record.FocusActionInfo.MANUAL_SCROLL, com.google.android.accessibility.talkback.focusmanagement.record.FocusActionInfo.TOUCH_EXPLORATION, com.google.android.accessibility.talkback.focusmanagement.record.FocusActionInfo.FOCUS_SYNCHRONIZATION, com.google.android.accessibility.talkback.focusmanagement.record.FocusActionInfo.LOGICAL_NAVIGATION, com.google.android.accessibility.talkback.focusmanagement.record.FocusActionInfo.SCREEN_STATE_CHANGE, com.google.android.accessibility.talkback.focusmanagement.record.FocusActionInfo.ENSURE_ON_SCREEN}" />
    </annotation>
  </item>
</root>

