<?xml version="1.0" encoding="UTF-8"?>
<root>
  <item name="com.google.android.accessibility.utils.gestures.GestureMatcher gestureId">
    <annotation name="androidx.annotation.IntDef">
      <val name="value" val="{android.accessibilityservice.AccessibilityService.GESTURE_2_FINGER_SINGLE_TAP, android.accessibilityservice.AccessibilityService.GESTURE_2_FINGER_DOUBLE_TAP, android.accessibilityservice.AccessibilityService.GESTURE_2_FINGER_DOUBLE_TAP_AND_HOLD, android.accessibilityservice.AccessibilityService.GESTURE_2_FINGER_TRIPLE_TAP, android.accessibilityservice.AccessibilityService.GESTURE_2_FINGER_TRIPLE_TAP_AND_HOLD, android.accessibilityservice.AccessibilityService.GESTURE_3_FINGER_SINGLE_TAP, android.accessibilityservice.AccessibilityService.GESTURE_3_FINGER_SINGLE_TAP_AND_HOLD, android.accessibilityservice.AccessibilityService.GESTURE_3_FINGER_DOUBLE_TAP, android.accessibilityservice.AccessibilityService.GESTURE_3_FINGER_DOUBLE_TAP_AND_HOLD, android.accessibilityservice.AccessibilityService.GESTURE_3_FINGER_TRIPLE_TAP, android.accessibilityservice.AccessibilityService.GESTURE_3_FINGER_TRIPLE_TAP_AND_HOLD, android.accessibilityservice.AccessibilityService.GESTURE_DOUBLE_TAP, android.accessibilityservice.AccessibilityService.GESTURE_DOUBLE_TAP_AND_HOLD, android.accessibilityservice.AccessibilityService.GESTURE_SWIPE_UP, android.accessibilityservice.AccessibilityService.GESTURE_SWIPE_UP_AND_LEFT, android.accessibilityservice.AccessibilityService.GESTURE_SWIPE_UP_AND_DOWN, android.accessibilityservice.AccessibilityService.GESTURE_SWIPE_UP_AND_RIGHT, android.accessibilityservice.AccessibilityService.GESTURE_SWIPE_DOWN, android.accessibilityservice.AccessibilityService.GESTURE_SWIPE_DOWN_AND_LEFT, android.accessibilityservice.AccessibilityService.GESTURE_SWIPE_DOWN_AND_UP, android.accessibilityservice.AccessibilityService.GESTURE_SWIPE_DOWN_AND_RIGHT, android.accessibilityservice.AccessibilityService.GESTURE_SWIPE_LEFT, android.accessibilityservice.AccessibilityService.GESTURE_SWIPE_LEFT_AND_UP, android.accessibilityservice.AccessibilityService.GESTURE_SWIPE_LEFT_AND_RIGHT, android.accessibilityservice.AccessibilityService.GESTURE_SWIPE_LEFT_AND_DOWN, android.accessibilityservice.AccessibilityService.GESTURE_SWIPE_RIGHT, android.accessibilityservice.AccessibilityService.GESTURE_SWIPE_RIGHT_AND_UP, android.accessibilityservice.AccessibilityService.GESTURE_SWIPE_RIGHT_AND_LEFT, android.accessibilityservice.AccessibilityService.GESTURE_SWIPE_RIGHT_AND_DOWN, android.accessibilityservice.AccessibilityService.GESTURE_2_FINGER_SWIPE_DOWN, android.accessibilityservice.AccessibilityService.GESTURE_2_FINGER_SWIPE_LEFT, android.accessibilityservice.AccessibilityService.GESTURE_2_FINGER_SWIPE_RIGHT, android.accessibilityservice.AccessibilityService.GESTURE_2_FINGER_SWIPE_UP, android.accessibilityservice.AccessibilityService.GESTURE_3_FINGER_SWIPE_DOWN, android.accessibilityservice.AccessibilityService.GESTURE_3_FINGER_SWIPE_LEFT, android.accessibilityservice.AccessibilityService.GESTURE_3_FINGER_SWIPE_RIGHT, android.accessibilityservice.AccessibilityService.GESTURE_3_FINGER_SWIPE_UP, android.accessibilityservice.AccessibilityService.GESTURE_4_FINGER_DOUBLE_TAP, android.accessibilityservice.AccessibilityService.GESTURE_4_FINGER_DOUBLE_TAP_AND_HOLD, android.accessibilityservice.AccessibilityService.GESTURE_4_FINGER_SINGLE_TAP, android.accessibilityservice.AccessibilityService.GESTURE_4_FINGER_SWIPE_DOWN, android.accessibilityservice.AccessibilityService.GESTURE_4_FINGER_SWIPE_LEFT, android.accessibilityservice.AccessibilityService.GESTURE_4_FINGER_SWIPE_RIGHT, android.accessibilityservice.AccessibilityService.GESTURE_4_FINGER_SWIPE_UP, android.accessibilityservice.AccessibilityService.GESTURE_4_FINGER_TRIPLE_TAP}" />
    </annotation>
  </item>
  <item name="com.google.android.accessibility.utils.gestures.GestureMatcher java.lang.String getStateSymbolicName(int) 0">
    <annotation name="androidx.annotation.IntDef">
      <val name="value" val="{com.google.android.accessibility.utils.gestures.GestureMatcher.STATE_CLEAR, com.google.android.accessibility.utils.gestures.GestureMatcher.STATE_GESTURE_STARTED, com.google.android.accessibility.utils.gestures.GestureMatcher.STATE_GESTURE_COMPLETED, com.google.android.accessibility.utils.gestures.GestureMatcher.STATE_GESTURE_CANCELED}" />
    </annotation>
  </item>
  <item name="com.google.android.accessibility.utils.gestures.GestureMatcher state">
    <annotation name="androidx.annotation.IntDef">
      <val name="value" val="{com.google.android.accessibility.utils.gestures.GestureMatcher.STATE_CLEAR, com.google.android.accessibility.utils.gestures.GestureMatcher.STATE_GESTURE_STARTED, com.google.android.accessibility.utils.gestures.GestureMatcher.STATE_GESTURE_COMPLETED, com.google.android.accessibility.utils.gestures.GestureMatcher.STATE_GESTURE_CANCELED}" />
    </annotation>
  </item>
  <item name="com.google.android.accessibility.utils.gestures.GestureMatcher void setState(int, android.view.MotionEvent) 0">
    <annotation name="androidx.annotation.IntDef">
      <val name="value" val="{com.google.android.accessibility.utils.gestures.GestureMatcher.STATE_CLEAR, com.google.android.accessibility.utils.gestures.GestureMatcher.STATE_GESTURE_STARTED, com.google.android.accessibility.utils.gestures.GestureMatcher.STATE_GESTURE_COMPLETED, com.google.android.accessibility.utils.gestures.GestureMatcher.STATE_GESTURE_CANCELED}" />
    </annotation>
  </item>
</root>

