<?xml version="1.0" encoding="UTF-8"?>
<root>
  <item name="com.google.android.accessibility.talkback.focusmanagement.action.NavigationAction actionType">
    <annotation name="androidx.annotation.IntDef">
      <val name="value" val="{com.google.android.accessibility.talkback.focusmanagement.action.NavigationAction.UNKNOWN, com.google.android.accessibility.talkback.focusmanagement.action.NavigationAction.DIRECTIONAL_NAVIGATION, com.google.android.accessibility.talkback.focusmanagement.action.NavigationAction.JUMP_TO_TOP, com.google.android.accessibility.talkback.focusmanagement.action.NavigationAction.JUMP_TO_BOTTOM, com.google.android.accessibility.talkback.focusmanagement.action.NavigationAction.SCROLL_FORWARD, com.google.android.accessibility.talkback.focusmanagement.action.NavigationAction.SCROLL_BACKWARD, com.google.android.accessibility.talkback.focusmanagement.action.NavigationAction.SCROLL_UP, com.google.android.accessibility.talkback.focusmanagement.action.NavigationAction.SCROLL_DOWN, com.google.android.accessibility.talkback.focusmanagement.action.NavigationAction.SCROLL_LEFT, com.google.android.accessibility.talkback.focusmanagement.action.NavigationAction.SCROLL_RIGHT}" />
    </annotation>
  </item>
  <item name="com.google.android.accessibility.talkback.focusmanagement.action.NavigationAction java.lang.String actionTypeToString(int) 0">
    <annotation name="androidx.annotation.IntDef">
      <val name="value" val="{com.google.android.accessibility.talkback.focusmanagement.action.NavigationAction.UNKNOWN, com.google.android.accessibility.talkback.focusmanagement.action.NavigationAction.DIRECTIONAL_NAVIGATION, com.google.android.accessibility.talkback.focusmanagement.action.NavigationAction.JUMP_TO_TOP, com.google.android.accessibility.talkback.focusmanagement.action.NavigationAction.JUMP_TO_BOTTOM, com.google.android.accessibility.talkback.focusmanagement.action.NavigationAction.SCROLL_FORWARD, com.google.android.accessibility.talkback.focusmanagement.action.NavigationAction.SCROLL_BACKWARD, com.google.android.accessibility.talkback.focusmanagement.action.NavigationAction.SCROLL_UP, com.google.android.accessibility.talkback.focusmanagement.action.NavigationAction.SCROLL_DOWN, com.google.android.accessibility.talkback.focusmanagement.action.NavigationAction.SCROLL_LEFT, com.google.android.accessibility.talkback.focusmanagement.action.NavigationAction.SCROLL_RIGHT}" />
    </annotation>
  </item>
  <item name="com.google.android.accessibility.talkback.focusmanagement.action.NavigationAction targetType">
    <annotation name="androidx.annotation.IntDef">
      <val name="value" val="{com.google.android.accessibility.talkback.focusmanagement.NavigationTarget.TARGET_DEFAULT, com.google.android.accessibility.talkback.focusmanagement.NavigationTarget.TARGET_HEADING, com.google.android.accessibility.talkback.focusmanagement.NavigationTarget.TARGET_CONTROL, com.google.android.accessibility.talkback.focusmanagement.NavigationTarget.TARGET_LINK, com.google.android.accessibility.talkback.focusmanagement.NavigationTarget.TARGET_HTML_ELEMENT_LINK, com.google.android.accessibility.talkback.focusmanagement.NavigationTarget.TARGET_HTML_ELEMENT_LIST, com.google.android.accessibility.talkback.focusmanagement.NavigationTarget.TARGET_HTML_ELEMENT_CONTROL, com.google.android.accessibility.talkback.focusmanagement.NavigationTarget.TARGET_HTML_ELEMENT_HEADING, com.google.android.accessibility.talkback.focusmanagement.NavigationTarget.TARGET_HTML_ELEMENT_BUTTON, com.google.android.accessibility.talkback.focusmanagement.NavigationTarget.TARGET_HTML_ELEMENT_CHECKBOX, com.google.android.accessibility.talkback.focusmanagement.NavigationTarget.TARGET_HTML_ELEMENT_ARIA_LANDMARK, com.google.android.accessibility.talkback.focusmanagement.NavigationTarget.TARGET_HTML_ELEMENT_EDIT_FIELD, com.google.android.accessibility.talkback.focusmanagement.NavigationTarget.TARGET_HTML_ELEMENT_FOCUSABLE_ITEM, com.google.android.accessibility.talkback.focusmanagement.NavigationTarget.TARGET_HTML_ELEMENT_HEADING_1, com.google.android.accessibility.talkback.focusmanagement.NavigationTarget.TARGET_HTML_ELEMENT_HEADING_2, com.google.android.accessibility.talkback.focusmanagement.NavigationTarget.TARGET_HTML_ELEMENT_HEADING_3, com.google.android.accessibility.talkback.focusmanagement.NavigationTarget.TARGET_HTML_ELEMENT_HEADING_4, com.google.android.accessibility.talkback.focusmanagement.NavigationTarget.TARGET_HTML_ELEMENT_HEADING_5, com.google.android.accessibility.talkback.focusmanagement.NavigationTarget.TARGET_HTML_ELEMENT_HEADING_6, com.google.android.accessibility.talkback.focusmanagement.NavigationTarget.TARGET_HTML_ELEMENT_GRAPHIC, com.google.android.accessibility.talkback.focusmanagement.NavigationTarget.TARGET_HTML_ELEMENT_LIST_ITEM, com.google.android.accessibility.talkback.focusmanagement.NavigationTarget.TARGET_HTML_ELEMENT_TABLE, com.google.android.accessibility.talkback.focusmanagement.NavigationTarget.TARGET_HTML_ELEMENT_COMBOBOX, com.google.android.accessibility.talkback.focusmanagement.NavigationTarget.TARGET_WINDOW}" />
    </annotation>
  </item>
  <item name="com.google.android.accessibility.talkback.focusmanagement.action.NavigationAction.ActionType">
    <annotation name="androidx.annotation.IntDef">
      <val name="value" val="{com.google.android.accessibility.talkback.focusmanagement.action.NavigationAction.UNKNOWN, com.google.android.accessibility.talkback.focusmanagement.action.NavigationAction.DIRECTIONAL_NAVIGATION, com.google.android.accessibility.talkback.focusmanagement.action.NavigationAction.JUMP_TO_TOP, com.google.android.accessibility.talkback.focusmanagement.action.NavigationAction.JUMP_TO_BOTTOM, com.google.android.accessibility.talkback.focusmanagement.action.NavigationAction.SCROLL_FORWARD, com.google.android.accessibility.talkback.focusmanagement.action.NavigationAction.SCROLL_BACKWARD, com.google.android.accessibility.talkback.focusmanagement.action.NavigationAction.SCROLL_UP, com.google.android.accessibility.talkback.focusmanagement.action.NavigationAction.SCROLL_DOWN, com.google.android.accessibility.talkback.focusmanagement.action.NavigationAction.SCROLL_LEFT, com.google.android.accessibility.talkback.focusmanagement.action.NavigationAction.SCROLL_RIGHT}" />
    </annotation>
  </item>
  <item name="com.google.android.accessibility.talkback.focusmanagement.action.NavigationAction.Builder actionType">
    <annotation name="androidx.annotation.IntDef">
      <val name="value" val="{com.google.android.accessibility.talkback.focusmanagement.action.NavigationAction.UNKNOWN, com.google.android.accessibility.talkback.focusmanagement.action.NavigationAction.DIRECTIONAL_NAVIGATION, com.google.android.accessibility.talkback.focusmanagement.action.NavigationAction.JUMP_TO_TOP, com.google.android.accessibility.talkback.focusmanagement.action.NavigationAction.JUMP_TO_BOTTOM, com.google.android.accessibility.talkback.focusmanagement.action.NavigationAction.SCROLL_FORWARD, com.google.android.accessibility.talkback.focusmanagement.action.NavigationAction.SCROLL_BACKWARD, com.google.android.accessibility.talkback.focusmanagement.action.NavigationAction.SCROLL_UP, com.google.android.accessibility.talkback.focusmanagement.action.NavigationAction.SCROLL_DOWN, com.google.android.accessibility.talkback.focusmanagement.action.NavigationAction.SCROLL_LEFT, com.google.android.accessibility.talkback.focusmanagement.action.NavigationAction.SCROLL_RIGHT}" />
    </annotation>
  </item>
  <item name="com.google.android.accessibility.talkback.focusmanagement.action.NavigationAction.Builder com.google.android.accessibility.talkback.focusmanagement.action.NavigationAction.Builder setAction(int) 0">
    <annotation name="androidx.annotation.IntDef">
      <val name="value" val="{com.google.android.accessibility.talkback.focusmanagement.action.NavigationAction.UNKNOWN, com.google.android.accessibility.talkback.focusmanagement.action.NavigationAction.DIRECTIONAL_NAVIGATION, com.google.android.accessibility.talkback.focusmanagement.action.NavigationAction.JUMP_TO_TOP, com.google.android.accessibility.talkback.focusmanagement.action.NavigationAction.JUMP_TO_BOTTOM, com.google.android.accessibility.talkback.focusmanagement.action.NavigationAction.SCROLL_FORWARD, com.google.android.accessibility.talkback.focusmanagement.action.NavigationAction.SCROLL_BACKWARD, com.google.android.accessibility.talkback.focusmanagement.action.NavigationAction.SCROLL_UP, com.google.android.accessibility.talkback.focusmanagement.action.NavigationAction.SCROLL_DOWN, com.google.android.accessibility.talkback.focusmanagement.action.NavigationAction.SCROLL_LEFT, com.google.android.accessibility.talkback.focusmanagement.action.NavigationAction.SCROLL_RIGHT}" />
    </annotation>
  </item>
  <item name="com.google.android.accessibility.talkback.focusmanagement.action.NavigationAction.Builder com.google.android.accessibility.talkback.focusmanagement.action.NavigationAction.Builder setTarget(int) 0">
    <annotation name="androidx.annotation.IntDef">
      <val name="value" val="{com.google.android.accessibility.talkback.focusmanagement.NavigationTarget.TARGET_DEFAULT, com.google.android.accessibility.talkback.focusmanagement.NavigationTarget.TARGET_HEADING, com.google.android.accessibility.talkback.focusmanagement.NavigationTarget.TARGET_CONTROL, com.google.android.accessibility.talkback.focusmanagement.NavigationTarget.TARGET_LINK, com.google.android.accessibility.talkback.focusmanagement.NavigationTarget.TARGET_HTML_ELEMENT_LINK, com.google.android.accessibility.talkback.focusmanagement.NavigationTarget.TARGET_HTML_ELEMENT_LIST, com.google.android.accessibility.talkback.focusmanagement.NavigationTarget.TARGET_HTML_ELEMENT_CONTROL, com.google.android.accessibility.talkback.focusmanagement.NavigationTarget.TARGET_HTML_ELEMENT_HEADING, com.google.android.accessibility.talkback.focusmanagement.NavigationTarget.TARGET_HTML_ELEMENT_BUTTON, com.google.android.accessibility.talkback.focusmanagement.NavigationTarget.TARGET_HTML_ELEMENT_CHECKBOX, com.google.android.accessibility.talkback.focusmanagement.NavigationTarget.TARGET_HTML_ELEMENT_ARIA_LANDMARK, com.google.android.accessibility.talkback.focusmanagement.NavigationTarget.TARGET_HTML_ELEMENT_EDIT_FIELD, com.google.android.accessibility.talkback.focusmanagement.NavigationTarget.TARGET_HTML_ELEMENT_FOCUSABLE_ITEM, com.google.android.accessibility.talkback.focusmanagement.NavigationTarget.TARGET_HTML_ELEMENT_HEADING_1, com.google.android.accessibility.talkback.focusmanagement.NavigationTarget.TARGET_HTML_ELEMENT_HEADING_2, com.google.android.accessibility.talkback.focusmanagement.NavigationTarget.TARGET_HTML_ELEMENT_HEADING_3, com.google.android.accessibility.talkback.focusmanagement.NavigationTarget.TARGET_HTML_ELEMENT_HEADING_4, com.google.android.accessibility.talkback.focusmanagement.NavigationTarget.TARGET_HTML_ELEMENT_HEADING_5, com.google.android.accessibility.talkback.focusmanagement.NavigationTarget.TARGET_HTML_ELEMENT_HEADING_6, com.google.android.accessibility.talkback.focusmanagement.NavigationTarget.TARGET_HTML_ELEMENT_GRAPHIC, com.google.android.accessibility.talkback.focusmanagement.NavigationTarget.TARGET_HTML_ELEMENT_LIST_ITEM, com.google.android.accessibility.talkback.focusmanagement.NavigationTarget.TARGET_HTML_ELEMENT_TABLE, com.google.android.accessibility.talkback.focusmanagement.NavigationTarget.TARGET_HTML_ELEMENT_COMBOBOX, com.google.android.accessibility.talkback.focusmanagement.NavigationTarget.TARGET_WINDOW}" />
    </annotation>
  </item>
  <item name="com.google.android.accessibility.talkback.focusmanagement.action.NavigationAction.Builder targetType">
    <annotation name="androidx.annotation.IntDef">
      <val name="value" val="{com.google.android.accessibility.talkback.focusmanagement.NavigationTarget.TARGET_DEFAULT, com.google.android.accessibility.talkback.focusmanagement.NavigationTarget.TARGET_HEADING, com.google.android.accessibility.talkback.focusmanagement.NavigationTarget.TARGET_CONTROL, com.google.android.accessibility.talkback.focusmanagement.NavigationTarget.TARGET_LINK, com.google.android.accessibility.talkback.focusmanagement.NavigationTarget.TARGET_HTML_ELEMENT_LINK, com.google.android.accessibility.talkback.focusmanagement.NavigationTarget.TARGET_HTML_ELEMENT_LIST, com.google.android.accessibility.talkback.focusmanagement.NavigationTarget.TARGET_HTML_ELEMENT_CONTROL, com.google.android.accessibility.talkback.focusmanagement.NavigationTarget.TARGET_HTML_ELEMENT_HEADING, com.google.android.accessibility.talkback.focusmanagement.NavigationTarget.TARGET_HTML_ELEMENT_BUTTON, com.google.android.accessibility.talkback.focusmanagement.NavigationTarget.TARGET_HTML_ELEMENT_CHECKBOX, com.google.android.accessibility.talkback.focusmanagement.NavigationTarget.TARGET_HTML_ELEMENT_ARIA_LANDMARK, com.google.android.accessibility.talkback.focusmanagement.NavigationTarget.TARGET_HTML_ELEMENT_EDIT_FIELD, com.google.android.accessibility.talkback.focusmanagement.NavigationTarget.TARGET_HTML_ELEMENT_FOCUSABLE_ITEM, com.google.android.accessibility.talkback.focusmanagement.NavigationTarget.TARGET_HTML_ELEMENT_HEADING_1, com.google.android.accessibility.talkback.focusmanagement.NavigationTarget.TARGET_HTML_ELEMENT_HEADING_2, com.google.android.accessibility.talkback.focusmanagement.NavigationTarget.TARGET_HTML_ELEMENT_HEADING_3, com.google.android.accessibility.talkback.focusmanagement.NavigationTarget.TARGET_HTML_ELEMENT_HEADING_4, com.google.android.accessibility.talkback.focusmanagement.NavigationTarget.TARGET_HTML_ELEMENT_HEADING_5, com.google.android.accessibility.talkback.focusmanagement.NavigationTarget.TARGET_HTML_ELEMENT_HEADING_6, com.google.android.accessibility.talkback.focusmanagement.NavigationTarget.TARGET_HTML_ELEMENT_GRAPHIC, com.google.android.accessibility.talkback.focusmanagement.NavigationTarget.TARGET_HTML_ELEMENT_LIST_ITEM, com.google.android.accessibility.talkback.focusmanagement.NavigationTarget.TARGET_HTML_ELEMENT_TABLE, com.google.android.accessibility.talkback.focusmanagement.NavigationTarget.TARGET_HTML_ELEMENT_COMBOBOX, com.google.android.accessibility.talkback.focusmanagement.NavigationTarget.TARGET_WINDOW}" />
    </annotation>
  </item>
  <item name="com.google.android.accessibility.talkback.focusmanagement.action.TouchExplorationAction TouchExplorationAction(int, androidx.core.view.accessibility.AccessibilityNodeInfoCompat) 0">
    <annotation name="androidx.annotation.IntDef">
      <val name="value" val="{com.google.android.accessibility.talkback.focusmanagement.action.TouchExplorationAction.TOUCH_INTERACTION_START, com.google.android.accessibility.talkback.focusmanagement.action.TouchExplorationAction.HOVER_ENTER, com.google.android.accessibility.talkback.focusmanagement.action.TouchExplorationAction.TOUCH_INTERACTION_END}" />
    </annotation>
  </item>
  <item name="com.google.android.accessibility.talkback.focusmanagement.action.TouchExplorationAction java.lang.String actionTypeToString(int) 0">
    <annotation name="androidx.annotation.IntDef">
      <val name="value" val="{com.google.android.accessibility.talkback.focusmanagement.action.TouchExplorationAction.TOUCH_INTERACTION_START, com.google.android.accessibility.talkback.focusmanagement.action.TouchExplorationAction.HOVER_ENTER, com.google.android.accessibility.talkback.focusmanagement.action.TouchExplorationAction.TOUCH_INTERACTION_END}" />
    </annotation>
  </item>
  <item name="com.google.android.accessibility.talkback.focusmanagement.action.TouchExplorationAction type">
    <annotation name="androidx.annotation.IntDef">
      <val name="value" val="{com.google.android.accessibility.talkback.focusmanagement.action.TouchExplorationAction.TOUCH_INTERACTION_START, com.google.android.accessibility.talkback.focusmanagement.action.TouchExplorationAction.HOVER_ENTER, com.google.android.accessibility.talkback.focusmanagement.action.TouchExplorationAction.TOUCH_INTERACTION_END}" />
    </annotation>
  </item>
  <item name="com.google.android.accessibility.talkback.focusmanagement.action.TouchExplorationAction.ActionType">
    <annotation name="androidx.annotation.IntDef">
      <val name="value" val="{com.google.android.accessibility.talkback.focusmanagement.action.TouchExplorationAction.TOUCH_INTERACTION_START, com.google.android.accessibility.talkback.focusmanagement.action.TouchExplorationAction.HOVER_ENTER, com.google.android.accessibility.talkback.focusmanagement.action.TouchExplorationAction.TOUCH_INTERACTION_END}" />
    </annotation>
  </item>
</root>

