<?xml version="1.0" encoding="UTF-8"?>
<root>
  <item name="com.google.android.accessibility.talkback.preference.base.GestureListPreference.ActionItem ActionItem(java.lang.String, int) 1">
    <annotation name="androidx.annotation.IntDef">
      <val name="value" val="{com.google.android.accessibility.talkback.preference.base.GestureListPreference.TYPE_TITLE, com.google.android.accessibility.talkback.preference.base.GestureListPreference.TYPE_ACTION_ITEM}" />
    </annotation>
  </item>
  <item name="com.google.android.accessibility.talkback.preference.base.GestureListPreference.ActionItem ActionItem(java.lang.String, java.lang.String, int) 2">
    <annotation name="androidx.annotation.IntDef">
      <val name="value" val="{com.google.android.accessibility.talkback.preference.base.GestureListPreference.TYPE_TITLE, com.google.android.accessibility.talkback.preference.base.GestureListPreference.TYPE_ACTION_ITEM}" />
    </annotation>
  </item>
  <item name="com.google.android.accessibility.talkback.preference.base.GestureListPreference.ActionItem viewType">
    <annotation name="androidx.annotation.IntDef">
      <val name="value" val="{com.google.android.accessibility.talkback.preference.base.GestureListPreference.TYPE_TITLE, com.google.android.accessibility.talkback.preference.base.GestureListPreference.TYPE_ACTION_ITEM}" />
    </annotation>
  </item>
</root>

