<?xml version="1.0" encoding="UTF-8"?>
<root>
  <item name="com.google.android.accessibility.utils.AccessibilityNode com.google.android.accessibility.utils.AccessibilityNode findInitialFocusInNodeTree(com.google.android.accessibility.utils.traversal.TraversalStrategy, int, com.google.android.accessibility.utils.Filter&lt;androidx.core.view.accessibility.AccessibilityNodeInfoCompat&gt;) 1">
    <annotation name="androidx.annotation.IntDef">
      <val name="value" val="{com.google.android.accessibility.utils.traversal.TraversalStrategy.SEARCH_FOCUS_FORWARD, com.google.android.accessibility.utils.traversal.TraversalStrategy.SEARCH_FOCUS_BACKWARD, com.google.android.accessibility.utils.traversal.TraversalStrategy.SEARCH_FOCUS_LEFT, com.google.android.accessibility.utils.traversal.TraversalStrategy.SEARCH_FOCUS_RIGHT, com.google.android.accessibility.utils.traversal.TraversalStrategy.SEARCH_FOCUS_UP, com.google.android.accessibility.utils.traversal.TraversalStrategy.SEARCH_FOCUS_DOWN}" />
    </annotation>
  </item>
  <item name="com.google.android.accessibility.utils.AccessibilityNode com.google.android.accessibility.utils.traversal.TraversalStrategy getTraversalStrategy(com.google.android.accessibility.utils.FocusFinder, int) 1">
    <annotation name="androidx.annotation.IntDef">
      <val name="value" val="{com.google.android.accessibility.utils.traversal.TraversalStrategy.SEARCH_FOCUS_FORWARD, com.google.android.accessibility.utils.traversal.TraversalStrategy.SEARCH_FOCUS_BACKWARD, com.google.android.accessibility.utils.traversal.TraversalStrategy.SEARCH_FOCUS_LEFT, com.google.android.accessibility.utils.traversal.TraversalStrategy.SEARCH_FOCUS_RIGHT, com.google.android.accessibility.utils.traversal.TraversalStrategy.SEARCH_FOCUS_UP, com.google.android.accessibility.utils.traversal.TraversalStrategy.SEARCH_FOCUS_DOWN}" />
    </annotation>
  </item>
  <item name="com.google.android.accessibility.utils.AccessibilityNode int getRole()">
    <annotation name="androidx.annotation.IntDef">
      <val name="value" val="{com.google.android.accessibility.utils.Role.ROLE_NONE, com.google.android.accessibility.utils.Role.ROLE_BUTTON, com.google.android.accessibility.utils.Role.ROLE_CHECK_BOX, com.google.android.accessibility.utils.Role.ROLE_CHECKED_TEXT_VIEW, com.google.android.accessibility.utils.Role.ROLE_DROP_DOWN_LIST, com.google.android.accessibility.utils.Role.ROLE_EDIT_TEXT, com.google.android.accessibility.utils.Role.ROLE_GRID, com.google.android.accessibility.utils.Role.ROLE_IMAGE, com.google.android.accessibility.utils.Role.ROLE_IMAGE_BUTTON, com.google.android.accessibility.utils.Role.ROLE_LIST, com.google.android.accessibility.utils.Role.ROLE_PAGER, com.google.android.accessibility.utils.Role.ROLE_RADIO_BUTTON, com.google.android.accessibility.utils.Role.ROLE_SEEK_CONTROL, com.google.android.accessibility.utils.Role.ROLE_SWITCH, com.google.android.accessibility.utils.Role.ROLE_TAB_BAR, com.google.android.accessibility.utils.Role.ROLE_TOGGLE_BUTTON, com.google.android.accessibility.utils.Role.ROLE_VIEW_GROUP, com.google.android.accessibility.utils.Role.ROLE_WEB_VIEW, com.google.android.accessibility.utils.Role.ROLE_PROGRESS_BAR, com.google.android.accessibility.utils.Role.ROLE_ACTION_BAR_TAB, com.google.android.accessibility.utils.Role.ROLE_DRAWER_LAYOUT, com.google.android.accessibility.utils.Role.ROLE_SLIDING_DRAWER, com.google.android.accessibility.utils.Role.ROLE_ICON_MENU, com.google.android.accessibility.utils.Role.ROLE_TOAST, com.google.android.accessibility.utils.Role.ROLE_ALERT_DIALOG, com.google.android.accessibility.utils.Role.ROLE_DATE_PICKER_DIALOG, com.google.android.accessibility.utils.Role.ROLE_TIME_PICKER_DIALOG, com.google.android.accessibility.utils.Role.ROLE_DATE_PICKER, com.google.android.accessibility.utils.Role.ROLE_TIME_PICKER, com.google.android.accessibility.utils.Role.ROLE_NUMBER_PICKER, com.google.android.accessibility.utils.Role.ROLE_SCROLL_VIEW, com.google.android.accessibility.utils.Role.ROLE_HORIZONTAL_SCROLL_VIEW, com.google.android.accessibility.utils.Role.ROLE_KEYBOARD_KEY, com.google.android.accessibility.utils.Role.ROLE_TALKBACK_EDIT_TEXT_OVERLAY, com.google.android.accessibility.utils.Role.ROLE_TEXT_ENTRY_KEY}" />
    </annotation>
  </item>
  <item name="com.google.android.accessibility.utils.AccessibilityNode int windowGetType()">
    <annotation name="androidx.annotation.IntDef">
      <val name="value" val="{com.google.android.accessibility.utils.AccessibilityWindow.TYPE_ACCESSIBILITY_OVERLAY, com.google.android.accessibility.utils.AccessibilityWindow.TYPE_APPLICATION, com.google.android.accessibility.utils.AccessibilityWindow.TYPE_INPUT_METHOD, com.google.android.accessibility.utils.AccessibilityWindow.TYPE_SPLIT_SCREEN_DIVIDER, com.google.android.accessibility.utils.AccessibilityWindow.TYPE_SYSTEM, com.google.android.accessibility.utils.AccessibilityWindow.TYPE_UNKNOWN}" />
    </annotation>
  </item>
  <item name="com.google.android.accessibility.utils.AccessibilityNodeInfoUtils void logShouldFocusNode(boolean, java.lang.Integer, java.lang.String, androidx.core.view.accessibility.AccessibilityNodeInfoCompat) 1">
    <annotation name="androidx.annotation.IntDef">
      <val name="value" val="{com.google.android.accessibility.utils.DiagnosticOverlayUtils.NONE, com.google.android.accessibility.utils.DiagnosticOverlayUtils.FOCUS_FAIL_FAIL_ALL_FOCUS_TESTS, com.google.android.accessibility.utils.DiagnosticOverlayUtils.FOCUS_FAIL_NOT_SPEAKABLE, com.google.android.accessibility.utils.DiagnosticOverlayUtils.FOCUS_FAIL_SAME_WINDOW_BOUNDS_CHILDREN, com.google.android.accessibility.utils.DiagnosticOverlayUtils.FOCUS_FAIL_NOT_VISIBLE, com.google.android.accessibility.utils.DiagnosticOverlayUtils.SEARCH_FOCUS_FAIL, com.google.android.accessibility.utils.DiagnosticOverlayUtils.REFOCUS_PATH}" />
    </annotation>
  </item>
  <item name="com.google.android.accessibility.utils.AccessibilityWindow int getType()">
    <annotation name="androidx.annotation.IntDef">
      <val name="value" val="{com.google.android.accessibility.utils.AccessibilityWindow.TYPE_ACCESSIBILITY_OVERLAY, com.google.android.accessibility.utils.AccessibilityWindow.TYPE_APPLICATION, com.google.android.accessibility.utils.AccessibilityWindow.TYPE_INPUT_METHOD, com.google.android.accessibility.utils.AccessibilityWindow.TYPE_SPLIT_SCREEN_DIVIDER, com.google.android.accessibility.utils.AccessibilityWindow.TYPE_SYSTEM, com.google.android.accessibility.utils.AccessibilityWindow.TYPE_UNKNOWN}" />
    </annotation>
  </item>
  <item name="com.google.android.accessibility.utils.AccessibilityWindow java.lang.String typeToString(int) 0">
    <annotation name="androidx.annotation.IntDef">
      <val name="value" val="{com.google.android.accessibility.utils.AccessibilityWindow.TYPE_ACCESSIBILITY_OVERLAY, com.google.android.accessibility.utils.AccessibilityWindow.TYPE_APPLICATION, com.google.android.accessibility.utils.AccessibilityWindow.TYPE_INPUT_METHOD, com.google.android.accessibility.utils.AccessibilityWindow.TYPE_SPLIT_SCREEN_DIVIDER, com.google.android.accessibility.utils.AccessibilityWindow.TYPE_SYSTEM, com.google.android.accessibility.utils.AccessibilityWindow.TYPE_UNKNOWN}" />
    </annotation>
  </item>
  <item name="com.google.android.accessibility.utils.AccessibilityWindow.WindowType">
    <annotation name="androidx.annotation.IntDef">
      <val name="value" val="{com.google.android.accessibility.utils.AccessibilityWindow.TYPE_ACCESSIBILITY_OVERLAY, com.google.android.accessibility.utils.AccessibilityWindow.TYPE_APPLICATION, com.google.android.accessibility.utils.AccessibilityWindow.TYPE_INPUT_METHOD, com.google.android.accessibility.utils.AccessibilityWindow.TYPE_SPLIT_SCREEN_DIVIDER, com.google.android.accessibility.utils.AccessibilityWindow.TYPE_SYSTEM, com.google.android.accessibility.utils.AccessibilityWindow.TYPE_UNKNOWN}" />
    </annotation>
  </item>
  <item name="com.google.android.accessibility.utils.CollectionState int getCollectionAlignment()">
    <annotation name="androidx.annotation.IntDef">
      <val name="value" val="{com.google.android.accessibility.utils.CollectionState.ALIGNMENT_VERTICAL, com.google.android.accessibility.utils.CollectionState.ALIGNMENT_HORIZONTAL}" />
    </annotation>
  </item>
  <item name="com.google.android.accessibility.utils.CollectionState int getCollectionAlignmentInternal(androidx.core.view.accessibility.AccessibilityNodeInfoCompat.CollectionInfoCompat)">
    <annotation name="androidx.annotation.IntDef">
      <val name="value" val="{com.google.android.accessibility.utils.CollectionState.ALIGNMENT_VERTICAL, com.google.android.accessibility.utils.CollectionState.ALIGNMENT_HORIZONTAL}" />
    </annotation>
  </item>
  <item name="com.google.android.accessibility.utils.CollectionState int getCollectionRole()">
    <annotation name="androidx.annotation.IntDef">
      <val name="value" val="{com.google.android.accessibility.utils.Role.ROLE_NONE, com.google.android.accessibility.utils.Role.ROLE_BUTTON, com.google.android.accessibility.utils.Role.ROLE_CHECK_BOX, com.google.android.accessibility.utils.Role.ROLE_CHECKED_TEXT_VIEW, com.google.android.accessibility.utils.Role.ROLE_DROP_DOWN_LIST, com.google.android.accessibility.utils.Role.ROLE_EDIT_TEXT, com.google.android.accessibility.utils.Role.ROLE_GRID, com.google.android.accessibility.utils.Role.ROLE_IMAGE, com.google.android.accessibility.utils.Role.ROLE_IMAGE_BUTTON, com.google.android.accessibility.utils.Role.ROLE_LIST, com.google.android.accessibility.utils.Role.ROLE_PAGER, com.google.android.accessibility.utils.Role.ROLE_RADIO_BUTTON, com.google.android.accessibility.utils.Role.ROLE_SEEK_CONTROL, com.google.android.accessibility.utils.Role.ROLE_SWITCH, com.google.android.accessibility.utils.Role.ROLE_TAB_BAR, com.google.android.accessibility.utils.Role.ROLE_TOGGLE_BUTTON, com.google.android.accessibility.utils.Role.ROLE_VIEW_GROUP, com.google.android.accessibility.utils.Role.ROLE_WEB_VIEW, com.google.android.accessibility.utils.Role.ROLE_PROGRESS_BAR, com.google.android.accessibility.utils.Role.ROLE_ACTION_BAR_TAB, com.google.android.accessibility.utils.Role.ROLE_DRAWER_LAYOUT, com.google.android.accessibility.utils.Role.ROLE_SLIDING_DRAWER, com.google.android.accessibility.utils.Role.ROLE_ICON_MENU, com.google.android.accessibility.utils.Role.ROLE_TOAST, com.google.android.accessibility.utils.Role.ROLE_ALERT_DIALOG, com.google.android.accessibility.utils.Role.ROLE_DATE_PICKER_DIALOG, com.google.android.accessibility.utils.Role.ROLE_TIME_PICKER_DIALOG, com.google.android.accessibility.utils.Role.ROLE_DATE_PICKER, com.google.android.accessibility.utils.Role.ROLE_TIME_PICKER, com.google.android.accessibility.utils.Role.ROLE_NUMBER_PICKER, com.google.android.accessibility.utils.Role.ROLE_SCROLL_VIEW, com.google.android.accessibility.utils.Role.ROLE_HORIZONTAL_SCROLL_VIEW, com.google.android.accessibility.utils.Role.ROLE_KEYBOARD_KEY, com.google.android.accessibility.utils.Role.ROLE_TALKBACK_EDIT_TEXT_OVERLAY, com.google.android.accessibility.utils.Role.ROLE_TEXT_ENTRY_KEY}" />
    </annotation>
  </item>
  <item name="com.google.android.accessibility.utils.CollectionState int getCollectionTransition()">
    <annotation name="androidx.annotation.IntDef">
      <val name="value" val="{com.google.android.accessibility.utils.CollectionState.NAVIGATE_NONE, com.google.android.accessibility.utils.CollectionState.NAVIGATE_ENTER, com.google.android.accessibility.utils.CollectionState.NAVIGATE_EXIT, com.google.android.accessibility.utils.CollectionState.NAVIGATE_INTERIOR}" />
    </annotation>
  </item>
  <item name="com.google.android.accessibility.utils.CollectionState int getRowColumnTransition()">
    <annotation name="androidx.annotation.IntDef">
      <val name="flag" val="true" />
      <val name="value" val="{com.google.android.accessibility.utils.CollectionState.TYPE_NONE, com.google.android.accessibility.utils.CollectionState.TYPE_ROW, com.google.android.accessibility.utils.CollectionState.TYPE_COLUMN}" />
    </annotation>
  </item>
  <item name="com.google.android.accessibility.utils.CollectionState int getTableHeading(androidx.core.view.accessibility.AccessibilityNodeInfoCompat, androidx.core.view.accessibility.AccessibilityNodeInfoCompat.CollectionItemInfoCompat, androidx.core.view.accessibility.AccessibilityNodeInfoCompat.CollectionInfoCompat)">
    <annotation name="androidx.annotation.IntDef">
      <val name="value" val="{com.google.android.accessibility.utils.CollectionState.TYPE_NONE, com.google.android.accessibility.utils.CollectionState.TYPE_ROW, com.google.android.accessibility.utils.CollectionState.TYPE_COLUMN, com.google.android.accessibility.utils.CollectionState.TYPE_INDETERMINATE}" />
    </annotation>
  </item>
  <item name="com.google.android.accessibility.utils.CollectionState mCollectionTransition">
    <annotation name="androidx.annotation.IntDef">
      <val name="value" val="{com.google.android.accessibility.utils.CollectionState.NAVIGATE_NONE, com.google.android.accessibility.utils.CollectionState.NAVIGATE_ENTER, com.google.android.accessibility.utils.CollectionState.NAVIGATE_EXIT, com.google.android.accessibility.utils.CollectionState.NAVIGATE_INTERIOR}" />
    </annotation>
  </item>
  <item name="com.google.android.accessibility.utils.CollectionState mRowColumnTransition">
    <annotation name="androidx.annotation.IntDef">
      <val name="flag" val="true" />
      <val name="value" val="{com.google.android.accessibility.utils.CollectionState.TYPE_NONE, com.google.android.accessibility.utils.CollectionState.TYPE_ROW, com.google.android.accessibility.utils.CollectionState.TYPE_COLUMN}" />
    </annotation>
  </item>
  <item name="com.google.android.accessibility.utils.CollectionState.CollectionAlignment">
    <annotation name="androidx.annotation.IntDef">
      <val name="value" val="{com.google.android.accessibility.utils.CollectionState.ALIGNMENT_VERTICAL, com.google.android.accessibility.utils.CollectionState.ALIGNMENT_HORIZONTAL}" />
    </annotation>
  </item>
  <item name="com.google.android.accessibility.utils.CollectionState.CollectionTransition">
    <annotation name="androidx.annotation.IntDef">
      <val name="value" val="{com.google.android.accessibility.utils.CollectionState.NAVIGATE_NONE, com.google.android.accessibility.utils.CollectionState.NAVIGATE_ENTER, com.google.android.accessibility.utils.CollectionState.NAVIGATE_EXIT, com.google.android.accessibility.utils.CollectionState.NAVIGATE_INTERIOR}" />
    </annotation>
  </item>
  <item name="com.google.android.accessibility.utils.CollectionState.ItemState int getTransition(com.google.android.accessibility.utils.CollectionState.ItemState)">
    <annotation name="androidx.annotation.IntDef">
      <val name="flag" val="true" />
      <val name="value" val="{com.google.android.accessibility.utils.CollectionState.TYPE_NONE, com.google.android.accessibility.utils.CollectionState.TYPE_ROW, com.google.android.accessibility.utils.CollectionState.TYPE_COLUMN}" />
    </annotation>
  </item>
  <item name="com.google.android.accessibility.utils.CollectionState.ListItemState int getTransition(com.google.android.accessibility.utils.CollectionState.ItemState)">
    <annotation name="androidx.annotation.IntDef">
      <val name="flag" val="true" />
      <val name="value" val="{com.google.android.accessibility.utils.CollectionState.TYPE_NONE, com.google.android.accessibility.utils.CollectionState.TYPE_ROW, com.google.android.accessibility.utils.CollectionState.TYPE_COLUMN}" />
    </annotation>
  </item>
  <item name="com.google.android.accessibility.utils.CollectionState.PagerItemState int getTransition(com.google.android.accessibility.utils.CollectionState.ItemState)">
    <annotation name="androidx.annotation.IntDef">
      <val name="flag" val="true" />
      <val name="value" val="{com.google.android.accessibility.utils.CollectionState.TYPE_NONE, com.google.android.accessibility.utils.CollectionState.TYPE_ROW, com.google.android.accessibility.utils.CollectionState.TYPE_COLUMN}" />
    </annotation>
  </item>
  <item name="com.google.android.accessibility.utils.CollectionState.RowColumnTransition">
    <annotation name="androidx.annotation.IntDef">
      <val name="flag" val="true" />
      <val name="value" val="{com.google.android.accessibility.utils.CollectionState.TYPE_NONE, com.google.android.accessibility.utils.CollectionState.TYPE_ROW, com.google.android.accessibility.utils.CollectionState.TYPE_COLUMN}" />
    </annotation>
  </item>
  <item name="com.google.android.accessibility.utils.CollectionState.TableHeadingType">
    <annotation name="androidx.annotation.IntDef">
      <val name="value" val="{com.google.android.accessibility.utils.CollectionState.TYPE_NONE, com.google.android.accessibility.utils.CollectionState.TYPE_ROW, com.google.android.accessibility.utils.CollectionState.TYPE_COLUMN, com.google.android.accessibility.utils.CollectionState.TYPE_INDETERMINATE}" />
    </annotation>
  </item>
  <item name="com.google.android.accessibility.utils.CollectionState.TableItemState TableItemState(int, java.lang.CharSequence, java.lang.CharSequence, int, int) 0">
    <annotation name="androidx.annotation.IntDef">
      <val name="value" val="{com.google.android.accessibility.utils.CollectionState.TYPE_NONE, com.google.android.accessibility.utils.CollectionState.TYPE_ROW, com.google.android.accessibility.utils.CollectionState.TYPE_COLUMN, com.google.android.accessibility.utils.CollectionState.TYPE_INDETERMINATE}" />
    </annotation>
  </item>
  <item name="com.google.android.accessibility.utils.CollectionState.TableItemState int getHeadingType()">
    <annotation name="androidx.annotation.IntDef">
      <val name="value" val="{com.google.android.accessibility.utils.CollectionState.TYPE_NONE, com.google.android.accessibility.utils.CollectionState.TYPE_ROW, com.google.android.accessibility.utils.CollectionState.TYPE_COLUMN, com.google.android.accessibility.utils.CollectionState.TYPE_INDETERMINATE}" />
    </annotation>
  </item>
  <item name="com.google.android.accessibility.utils.CollectionState.TableItemState int getTransition(com.google.android.accessibility.utils.CollectionState.ItemState)">
    <annotation name="androidx.annotation.IntDef">
      <val name="flag" val="true" />
      <val name="value" val="{com.google.android.accessibility.utils.CollectionState.TYPE_NONE, com.google.android.accessibility.utils.CollectionState.TYPE_ROW, com.google.android.accessibility.utils.CollectionState.TYPE_COLUMN}" />
    </annotation>
  </item>
  <item name="com.google.android.accessibility.utils.CollectionState.TableItemState mHeading">
    <annotation name="androidx.annotation.IntDef">
      <val name="value" val="{com.google.android.accessibility.utils.CollectionState.TYPE_NONE, com.google.android.accessibility.utils.CollectionState.TYPE_ROW, com.google.android.accessibility.utils.CollectionState.TYPE_COLUMN, com.google.android.accessibility.utils.CollectionState.TYPE_INDETERMINATE}" />
    </annotation>
  </item>
  <item name="com.google.android.accessibility.utils.DiagnosticOverlayController void appendLog(java.lang.Integer, androidx.core.view.accessibility.AccessibilityNodeInfoCompat) 0">
    <annotation name="androidx.annotation.IntDef">
      <val name="value" val="{com.google.android.accessibility.utils.DiagnosticOverlayUtils.NONE, com.google.android.accessibility.utils.DiagnosticOverlayUtils.FOCUS_FAIL_FAIL_ALL_FOCUS_TESTS, com.google.android.accessibility.utils.DiagnosticOverlayUtils.FOCUS_FAIL_NOT_SPEAKABLE, com.google.android.accessibility.utils.DiagnosticOverlayUtils.FOCUS_FAIL_SAME_WINDOW_BOUNDS_CHILDREN, com.google.android.accessibility.utils.DiagnosticOverlayUtils.FOCUS_FAIL_NOT_VISIBLE, com.google.android.accessibility.utils.DiagnosticOverlayUtils.SEARCH_FOCUS_FAIL, com.google.android.accessibility.utils.DiagnosticOverlayUtils.REFOCUS_PATH}" />
    </annotation>
  </item>
  <item name="com.google.android.accessibility.utils.DiagnosticOverlayController void appendLog(java.lang.Integer, com.google.android.accessibility.utils.AccessibilityNode) 0">
    <annotation name="androidx.annotation.IntDef">
      <val name="value" val="{com.google.android.accessibility.utils.DiagnosticOverlayUtils.NONE, com.google.android.accessibility.utils.DiagnosticOverlayUtils.FOCUS_FAIL_FAIL_ALL_FOCUS_TESTS, com.google.android.accessibility.utils.DiagnosticOverlayUtils.FOCUS_FAIL_NOT_SPEAKABLE, com.google.android.accessibility.utils.DiagnosticOverlayUtils.FOCUS_FAIL_SAME_WINDOW_BOUNDS_CHILDREN, com.google.android.accessibility.utils.DiagnosticOverlayUtils.FOCUS_FAIL_NOT_VISIBLE, com.google.android.accessibility.utils.DiagnosticOverlayUtils.SEARCH_FOCUS_FAIL, com.google.android.accessibility.utils.DiagnosticOverlayUtils.REFOCUS_PATH}" />
    </annotation>
  </item>
  <item name="com.google.android.accessibility.utils.DiagnosticOverlayUtils void appendLog(java.lang.Integer, androidx.core.view.accessibility.AccessibilityNodeInfoCompat) 0">
    <annotation name="androidx.annotation.IntDef">
      <val name="value" val="{com.google.android.accessibility.utils.DiagnosticOverlayUtils.NONE, com.google.android.accessibility.utils.DiagnosticOverlayUtils.FOCUS_FAIL_FAIL_ALL_FOCUS_TESTS, com.google.android.accessibility.utils.DiagnosticOverlayUtils.FOCUS_FAIL_NOT_SPEAKABLE, com.google.android.accessibility.utils.DiagnosticOverlayUtils.FOCUS_FAIL_SAME_WINDOW_BOUNDS_CHILDREN, com.google.android.accessibility.utils.DiagnosticOverlayUtils.FOCUS_FAIL_NOT_VISIBLE, com.google.android.accessibility.utils.DiagnosticOverlayUtils.SEARCH_FOCUS_FAIL, com.google.android.accessibility.utils.DiagnosticOverlayUtils.REFOCUS_PATH}" />
    </annotation>
  </item>
  <item name="com.google.android.accessibility.utils.DiagnosticOverlayUtils void appendLog(java.lang.Integer, com.google.android.accessibility.utils.AccessibilityNode) 0">
    <annotation name="androidx.annotation.IntDef">
      <val name="value" val="{com.google.android.accessibility.utils.DiagnosticOverlayUtils.NONE, com.google.android.accessibility.utils.DiagnosticOverlayUtils.FOCUS_FAIL_FAIL_ALL_FOCUS_TESTS, com.google.android.accessibility.utils.DiagnosticOverlayUtils.FOCUS_FAIL_NOT_SPEAKABLE, com.google.android.accessibility.utils.DiagnosticOverlayUtils.FOCUS_FAIL_SAME_WINDOW_BOUNDS_CHILDREN, com.google.android.accessibility.utils.DiagnosticOverlayUtils.FOCUS_FAIL_NOT_VISIBLE, com.google.android.accessibility.utils.DiagnosticOverlayUtils.SEARCH_FOCUS_FAIL, com.google.android.accessibility.utils.DiagnosticOverlayUtils.REFOCUS_PATH}" />
    </annotation>
  </item>
  <item name="com.google.android.accessibility.utils.DiagnosticOverlayUtils.DiagnosticType">
    <annotation name="androidx.annotation.IntDef">
      <val name="value" val="{com.google.android.accessibility.utils.DiagnosticOverlayUtils.NONE, com.google.android.accessibility.utils.DiagnosticOverlayUtils.FOCUS_FAIL_FAIL_ALL_FOCUS_TESTS, com.google.android.accessibility.utils.DiagnosticOverlayUtils.FOCUS_FAIL_NOT_SPEAKABLE, com.google.android.accessibility.utils.DiagnosticOverlayUtils.FOCUS_FAIL_SAME_WINDOW_BOUNDS_CHILDREN, com.google.android.accessibility.utils.DiagnosticOverlayUtils.FOCUS_FAIL_NOT_VISIBLE, com.google.android.accessibility.utils.DiagnosticOverlayUtils.SEARCH_FOCUS_FAIL, com.google.android.accessibility.utils.DiagnosticOverlayUtils.REFOCUS_PATH}" />
    </annotation>
  </item>
  <item name="com.google.android.accessibility.utils.FocusFinder androidx.core.view.accessibility.AccessibilityNodeInfoCompat findFocusCompat(int) 0">
    <annotation name="androidx.annotation.IntDef">
      <val name="value" val="{android.view.accessibility.AccessibilityNodeInfo.FOCUS_INPUT, android.view.accessibility.AccessibilityNodeInfo.FOCUS_ACCESSIBILITY}" />
    </annotation>
  </item>
  <item name="com.google.android.accessibility.utils.FocusFinder.FocusType">
    <annotation name="androidx.annotation.IntDef">
      <val name="value" val="{android.view.accessibility.AccessibilityNodeInfo.FOCUS_INPUT, android.view.accessibility.AccessibilityNodeInfo.FOCUS_ACCESSIBILITY}" />
    </annotation>
  </item>
  <item name="com.google.android.accessibility.utils.Performance com.google.android.accessibility.utils.Performance.Statistics getOrCreateStatistics(java.lang.String, int) 1">
    <annotation name="androidx.annotation.IntDef">
      <val name="value" val="{com.google.android.accessibility.utils.Performance.STAGE_FRAMEWORK, com.google.android.accessibility.utils.Performance.STAGE_INLINE_HANDLING, com.google.android.accessibility.utils.Performance.STAGE_FEEDBACK_QUEUED, com.google.android.accessibility.utils.Performance.STAGE_FEEDBACK_HEARD}" />
    </annotation>
  </item>
  <item name="com.google.android.accessibility.utils.Performance com.google.android.accessibility.utils.Performance.Statistics getStatistics(java.lang.String, int) 1">
    <annotation name="androidx.annotation.IntDef">
      <val name="value" val="{com.google.android.accessibility.utils.Performance.STAGE_FRAMEWORK, com.google.android.accessibility.utils.Performance.STAGE_INLINE_HANDLING, com.google.android.accessibility.utils.Performance.STAGE_FEEDBACK_QUEUED, com.google.android.accessibility.utils.Performance.STAGE_FEEDBACK_HEARD}" />
    </annotation>
  </item>
  <item name="com.google.android.accessibility.utils.Performance void incrementNumMissing(java.lang.String, int) 1">
    <annotation name="androidx.annotation.IntDef">
      <val name="value" val="{com.google.android.accessibility.utils.Performance.STAGE_FRAMEWORK, com.google.android.accessibility.utils.Performance.STAGE_INLINE_HANDLING, com.google.android.accessibility.utils.Performance.STAGE_FEEDBACK_QUEUED, com.google.android.accessibility.utils.Performance.STAGE_FEEDBACK_HEARD}" />
    </annotation>
  </item>
  <item name="com.google.android.accessibility.utils.Performance.EventId EventId(long, int, int) 1">
    <annotation name="androidx.annotation.IntDef">
      <val name="value" val="{com.google.android.accessibility.utils.Performance.EVENT_TYPE_ACCESSIBILITY, com.google.android.accessibility.utils.Performance.EVENT_TYPE_KEY, com.google.android.accessibility.utils.Performance.EVENT_TYPE_KEY_COMBO, com.google.android.accessibility.utils.Performance.EVENT_TYPE_VOLUME_KEY_COMBO, com.google.android.accessibility.utils.Performance.EVENT_TYPE_GESTURE, com.google.android.accessibility.utils.Performance.EVENT_TYPE_ROTATE, com.google.android.accessibility.utils.Performance.EVENT_TYPE_FINGERPRINT_GESTURE}" />
    </annotation>
  </item>
  <item name="com.google.android.accessibility.utils.Performance.EventId int getEventType()">
    <annotation name="androidx.annotation.IntDef">
      <val name="value" val="{com.google.android.accessibility.utils.Performance.EVENT_TYPE_ACCESSIBILITY, com.google.android.accessibility.utils.Performance.EVENT_TYPE_KEY, com.google.android.accessibility.utils.Performance.EVENT_TYPE_KEY_COMBO, com.google.android.accessibility.utils.Performance.EVENT_TYPE_VOLUME_KEY_COMBO, com.google.android.accessibility.utils.Performance.EVENT_TYPE_GESTURE, com.google.android.accessibility.utils.Performance.EVENT_TYPE_ROTATE, com.google.android.accessibility.utils.Performance.EVENT_TYPE_FINGERPRINT_GESTURE}" />
    </annotation>
  </item>
  <item name="com.google.android.accessibility.utils.Performance.EventId mEventType">
    <annotation name="androidx.annotation.IntDef">
      <val name="value" val="{com.google.android.accessibility.utils.Performance.EVENT_TYPE_ACCESSIBILITY, com.google.android.accessibility.utils.Performance.EVENT_TYPE_KEY, com.google.android.accessibility.utils.Performance.EVENT_TYPE_KEY_COMBO, com.google.android.accessibility.utils.Performance.EVENT_TYPE_VOLUME_KEY_COMBO, com.google.android.accessibility.utils.Performance.EVENT_TYPE_GESTURE, com.google.android.accessibility.utils.Performance.EVENT_TYPE_ROTATE, com.google.android.accessibility.utils.Performance.EVENT_TYPE_FINGERPRINT_GESTURE}" />
    </annotation>
  </item>
  <item name="com.google.android.accessibility.utils.Performance.EventTypeId">
    <annotation name="androidx.annotation.IntDef">
      <val name="value" val="{com.google.android.accessibility.utils.Performance.EVENT_TYPE_ACCESSIBILITY, com.google.android.accessibility.utils.Performance.EVENT_TYPE_KEY, com.google.android.accessibility.utils.Performance.EVENT_TYPE_KEY_COMBO, com.google.android.accessibility.utils.Performance.EVENT_TYPE_VOLUME_KEY_COMBO, com.google.android.accessibility.utils.Performance.EVENT_TYPE_GESTURE, com.google.android.accessibility.utils.Performance.EVENT_TYPE_ROTATE, com.google.android.accessibility.utils.Performance.EVENT_TYPE_FINGERPRINT_GESTURE}" />
    </annotation>
  </item>
  <item name="com.google.android.accessibility.utils.Performance.StageId">
    <annotation name="androidx.annotation.IntDef">
      <val name="value" val="{com.google.android.accessibility.utils.Performance.STAGE_FRAMEWORK, com.google.android.accessibility.utils.Performance.STAGE_INLINE_HANDLING, com.google.android.accessibility.utils.Performance.STAGE_FEEDBACK_QUEUED, com.google.android.accessibility.utils.Performance.STAGE_FEEDBACK_HEARD}" />
    </annotation>
  </item>
  <item name="com.google.android.accessibility.utils.Performance.StatisticsKey StatisticsKey(java.lang.String, int) 1">
    <annotation name="androidx.annotation.IntDef">
      <val name="value" val="{com.google.android.accessibility.utils.Performance.STAGE_FRAMEWORK, com.google.android.accessibility.utils.Performance.STAGE_INLINE_HANDLING, com.google.android.accessibility.utils.Performance.STAGE_FEEDBACK_QUEUED, com.google.android.accessibility.utils.Performance.STAGE_FEEDBACK_HEARD}" />
    </annotation>
  </item>
  <item name="com.google.android.accessibility.utils.Performance.StatisticsKey mStage">
    <annotation name="androidx.annotation.IntDef">
      <val name="value" val="{com.google.android.accessibility.utils.Performance.STAGE_FRAMEWORK, com.google.android.accessibility.utils.Performance.STAGE_INLINE_HANDLING, com.google.android.accessibility.utils.Performance.STAGE_FEEDBACK_QUEUED, com.google.android.accessibility.utils.Performance.STAGE_FEEDBACK_HEARD}" />
    </annotation>
  </item>
  <item name="com.google.android.accessibility.utils.Role int getRole(android.view.accessibility.AccessibilityNodeInfo)">
    <annotation name="androidx.annotation.IntDef">
      <val name="value" val="{com.google.android.accessibility.utils.Role.ROLE_NONE, com.google.android.accessibility.utils.Role.ROLE_BUTTON, com.google.android.accessibility.utils.Role.ROLE_CHECK_BOX, com.google.android.accessibility.utils.Role.ROLE_CHECKED_TEXT_VIEW, com.google.android.accessibility.utils.Role.ROLE_DROP_DOWN_LIST, com.google.android.accessibility.utils.Role.ROLE_EDIT_TEXT, com.google.android.accessibility.utils.Role.ROLE_GRID, com.google.android.accessibility.utils.Role.ROLE_IMAGE, com.google.android.accessibility.utils.Role.ROLE_IMAGE_BUTTON, com.google.android.accessibility.utils.Role.ROLE_LIST, com.google.android.accessibility.utils.Role.ROLE_PAGER, com.google.android.accessibility.utils.Role.ROLE_RADIO_BUTTON, com.google.android.accessibility.utils.Role.ROLE_SEEK_CONTROL, com.google.android.accessibility.utils.Role.ROLE_SWITCH, com.google.android.accessibility.utils.Role.ROLE_TAB_BAR, com.google.android.accessibility.utils.Role.ROLE_TOGGLE_BUTTON, com.google.android.accessibility.utils.Role.ROLE_VIEW_GROUP, com.google.android.accessibility.utils.Role.ROLE_WEB_VIEW, com.google.android.accessibility.utils.Role.ROLE_PROGRESS_BAR, com.google.android.accessibility.utils.Role.ROLE_ACTION_BAR_TAB, com.google.android.accessibility.utils.Role.ROLE_DRAWER_LAYOUT, com.google.android.accessibility.utils.Role.ROLE_SLIDING_DRAWER, com.google.android.accessibility.utils.Role.ROLE_ICON_MENU, com.google.android.accessibility.utils.Role.ROLE_TOAST, com.google.android.accessibility.utils.Role.ROLE_ALERT_DIALOG, com.google.android.accessibility.utils.Role.ROLE_DATE_PICKER_DIALOG, com.google.android.accessibility.utils.Role.ROLE_TIME_PICKER_DIALOG, com.google.android.accessibility.utils.Role.ROLE_DATE_PICKER, com.google.android.accessibility.utils.Role.ROLE_TIME_PICKER, com.google.android.accessibility.utils.Role.ROLE_NUMBER_PICKER, com.google.android.accessibility.utils.Role.ROLE_SCROLL_VIEW, com.google.android.accessibility.utils.Role.ROLE_HORIZONTAL_SCROLL_VIEW, com.google.android.accessibility.utils.Role.ROLE_KEYBOARD_KEY, com.google.android.accessibility.utils.Role.ROLE_TALKBACK_EDIT_TEXT_OVERLAY, com.google.android.accessibility.utils.Role.ROLE_TEXT_ENTRY_KEY}" />
    </annotation>
  </item>
  <item name="com.google.android.accessibility.utils.Role int getRole(androidx.core.view.accessibility.AccessibilityNodeInfoCompat)">
    <annotation name="androidx.annotation.IntDef">
      <val name="value" val="{com.google.android.accessibility.utils.Role.ROLE_NONE, com.google.android.accessibility.utils.Role.ROLE_BUTTON, com.google.android.accessibility.utils.Role.ROLE_CHECK_BOX, com.google.android.accessibility.utils.Role.ROLE_CHECKED_TEXT_VIEW, com.google.android.accessibility.utils.Role.ROLE_DROP_DOWN_LIST, com.google.android.accessibility.utils.Role.ROLE_EDIT_TEXT, com.google.android.accessibility.utils.Role.ROLE_GRID, com.google.android.accessibility.utils.Role.ROLE_IMAGE, com.google.android.accessibility.utils.Role.ROLE_IMAGE_BUTTON, com.google.android.accessibility.utils.Role.ROLE_LIST, com.google.android.accessibility.utils.Role.ROLE_PAGER, com.google.android.accessibility.utils.Role.ROLE_RADIO_BUTTON, com.google.android.accessibility.utils.Role.ROLE_SEEK_CONTROL, com.google.android.accessibility.utils.Role.ROLE_SWITCH, com.google.android.accessibility.utils.Role.ROLE_TAB_BAR, com.google.android.accessibility.utils.Role.ROLE_TOGGLE_BUTTON, com.google.android.accessibility.utils.Role.ROLE_VIEW_GROUP, com.google.android.accessibility.utils.Role.ROLE_WEB_VIEW, com.google.android.accessibility.utils.Role.ROLE_PROGRESS_BAR, com.google.android.accessibility.utils.Role.ROLE_ACTION_BAR_TAB, com.google.android.accessibility.utils.Role.ROLE_DRAWER_LAYOUT, com.google.android.accessibility.utils.Role.ROLE_SLIDING_DRAWER, com.google.android.accessibility.utils.Role.ROLE_ICON_MENU, com.google.android.accessibility.utils.Role.ROLE_TOAST, com.google.android.accessibility.utils.Role.ROLE_ALERT_DIALOG, com.google.android.accessibility.utils.Role.ROLE_DATE_PICKER_DIALOG, com.google.android.accessibility.utils.Role.ROLE_TIME_PICKER_DIALOG, com.google.android.accessibility.utils.Role.ROLE_DATE_PICKER, com.google.android.accessibility.utils.Role.ROLE_TIME_PICKER, com.google.android.accessibility.utils.Role.ROLE_NUMBER_PICKER, com.google.android.accessibility.utils.Role.ROLE_SCROLL_VIEW, com.google.android.accessibility.utils.Role.ROLE_HORIZONTAL_SCROLL_VIEW, com.google.android.accessibility.utils.Role.ROLE_KEYBOARD_KEY, com.google.android.accessibility.utils.Role.ROLE_TALKBACK_EDIT_TEXT_OVERLAY, com.google.android.accessibility.utils.Role.ROLE_TEXT_ENTRY_KEY}" />
    </annotation>
  </item>
  <item name="com.google.android.accessibility.utils.Role int getSourceRole(android.view.accessibility.AccessibilityEvent)">
    <annotation name="androidx.annotation.IntDef">
      <val name="value" val="{com.google.android.accessibility.utils.Role.ROLE_NONE, com.google.android.accessibility.utils.Role.ROLE_BUTTON, com.google.android.accessibility.utils.Role.ROLE_CHECK_BOX, com.google.android.accessibility.utils.Role.ROLE_CHECKED_TEXT_VIEW, com.google.android.accessibility.utils.Role.ROLE_DROP_DOWN_LIST, com.google.android.accessibility.utils.Role.ROLE_EDIT_TEXT, com.google.android.accessibility.utils.Role.ROLE_GRID, com.google.android.accessibility.utils.Role.ROLE_IMAGE, com.google.android.accessibility.utils.Role.ROLE_IMAGE_BUTTON, com.google.android.accessibility.utils.Role.ROLE_LIST, com.google.android.accessibility.utils.Role.ROLE_PAGER, com.google.android.accessibility.utils.Role.ROLE_RADIO_BUTTON, com.google.android.accessibility.utils.Role.ROLE_SEEK_CONTROL, com.google.android.accessibility.utils.Role.ROLE_SWITCH, com.google.android.accessibility.utils.Role.ROLE_TAB_BAR, com.google.android.accessibility.utils.Role.ROLE_TOGGLE_BUTTON, com.google.android.accessibility.utils.Role.ROLE_VIEW_GROUP, com.google.android.accessibility.utils.Role.ROLE_WEB_VIEW, com.google.android.accessibility.utils.Role.ROLE_PROGRESS_BAR, com.google.android.accessibility.utils.Role.ROLE_ACTION_BAR_TAB, com.google.android.accessibility.utils.Role.ROLE_DRAWER_LAYOUT, com.google.android.accessibility.utils.Role.ROLE_SLIDING_DRAWER, com.google.android.accessibility.utils.Role.ROLE_ICON_MENU, com.google.android.accessibility.utils.Role.ROLE_TOAST, com.google.android.accessibility.utils.Role.ROLE_ALERT_DIALOG, com.google.android.accessibility.utils.Role.ROLE_DATE_PICKER_DIALOG, com.google.android.accessibility.utils.Role.ROLE_TIME_PICKER_DIALOG, com.google.android.accessibility.utils.Role.ROLE_DATE_PICKER, com.google.android.accessibility.utils.Role.ROLE_TIME_PICKER, com.google.android.accessibility.utils.Role.ROLE_NUMBER_PICKER, com.google.android.accessibility.utils.Role.ROLE_SCROLL_VIEW, com.google.android.accessibility.utils.Role.ROLE_HORIZONTAL_SCROLL_VIEW, com.google.android.accessibility.utils.Role.ROLE_KEYBOARD_KEY, com.google.android.accessibility.utils.Role.ROLE_TALKBACK_EDIT_TEXT_OVERLAY, com.google.android.accessibility.utils.Role.ROLE_TEXT_ENTRY_KEY}" />
    </annotation>
  </item>
  <item name="com.google.android.accessibility.utils.Role int sourceClassNameToRole(android.view.accessibility.AccessibilityEvent)">
    <annotation name="androidx.annotation.IntDef">
      <val name="value" val="{com.google.android.accessibility.utils.Role.ROLE_NONE, com.google.android.accessibility.utils.Role.ROLE_BUTTON, com.google.android.accessibility.utils.Role.ROLE_CHECK_BOX, com.google.android.accessibility.utils.Role.ROLE_CHECKED_TEXT_VIEW, com.google.android.accessibility.utils.Role.ROLE_DROP_DOWN_LIST, com.google.android.accessibility.utils.Role.ROLE_EDIT_TEXT, com.google.android.accessibility.utils.Role.ROLE_GRID, com.google.android.accessibility.utils.Role.ROLE_IMAGE, com.google.android.accessibility.utils.Role.ROLE_IMAGE_BUTTON, com.google.android.accessibility.utils.Role.ROLE_LIST, com.google.android.accessibility.utils.Role.ROLE_PAGER, com.google.android.accessibility.utils.Role.ROLE_RADIO_BUTTON, com.google.android.accessibility.utils.Role.ROLE_SEEK_CONTROL, com.google.android.accessibility.utils.Role.ROLE_SWITCH, com.google.android.accessibility.utils.Role.ROLE_TAB_BAR, com.google.android.accessibility.utils.Role.ROLE_TOGGLE_BUTTON, com.google.android.accessibility.utils.Role.ROLE_VIEW_GROUP, com.google.android.accessibility.utils.Role.ROLE_WEB_VIEW, com.google.android.accessibility.utils.Role.ROLE_PROGRESS_BAR, com.google.android.accessibility.utils.Role.ROLE_ACTION_BAR_TAB, com.google.android.accessibility.utils.Role.ROLE_DRAWER_LAYOUT, com.google.android.accessibility.utils.Role.ROLE_SLIDING_DRAWER, com.google.android.accessibility.utils.Role.ROLE_ICON_MENU, com.google.android.accessibility.utils.Role.ROLE_TOAST, com.google.android.accessibility.utils.Role.ROLE_ALERT_DIALOG, com.google.android.accessibility.utils.Role.ROLE_DATE_PICKER_DIALOG, com.google.android.accessibility.utils.Role.ROLE_TIME_PICKER_DIALOG, com.google.android.accessibility.utils.Role.ROLE_DATE_PICKER, com.google.android.accessibility.utils.Role.ROLE_TIME_PICKER, com.google.android.accessibility.utils.Role.ROLE_NUMBER_PICKER, com.google.android.accessibility.utils.Role.ROLE_SCROLL_VIEW, com.google.android.accessibility.utils.Role.ROLE_HORIZONTAL_SCROLL_VIEW, com.google.android.accessibility.utils.Role.ROLE_KEYBOARD_KEY, com.google.android.accessibility.utils.Role.ROLE_TALKBACK_EDIT_TEXT_OVERLAY, com.google.android.accessibility.utils.Role.ROLE_TEXT_ENTRY_KEY}" />
    </annotation>
  </item>
  <item name="com.google.android.accessibility.utils.Role java.lang.String roleToString(int) 0">
    <annotation name="androidx.annotation.IntDef">
      <val name="value" val="{com.google.android.accessibility.utils.Role.ROLE_NONE, com.google.android.accessibility.utils.Role.ROLE_BUTTON, com.google.android.accessibility.utils.Role.ROLE_CHECK_BOX, com.google.android.accessibility.utils.Role.ROLE_CHECKED_TEXT_VIEW, com.google.android.accessibility.utils.Role.ROLE_DROP_DOWN_LIST, com.google.android.accessibility.utils.Role.ROLE_EDIT_TEXT, com.google.android.accessibility.utils.Role.ROLE_GRID, com.google.android.accessibility.utils.Role.ROLE_IMAGE, com.google.android.accessibility.utils.Role.ROLE_IMAGE_BUTTON, com.google.android.accessibility.utils.Role.ROLE_LIST, com.google.android.accessibility.utils.Role.ROLE_PAGER, com.google.android.accessibility.utils.Role.ROLE_RADIO_BUTTON, com.google.android.accessibility.utils.Role.ROLE_SEEK_CONTROL, com.google.android.accessibility.utils.Role.ROLE_SWITCH, com.google.android.accessibility.utils.Role.ROLE_TAB_BAR, com.google.android.accessibility.utils.Role.ROLE_TOGGLE_BUTTON, com.google.android.accessibility.utils.Role.ROLE_VIEW_GROUP, com.google.android.accessibility.utils.Role.ROLE_WEB_VIEW, com.google.android.accessibility.utils.Role.ROLE_PROGRESS_BAR, com.google.android.accessibility.utils.Role.ROLE_ACTION_BAR_TAB, com.google.android.accessibility.utils.Role.ROLE_DRAWER_LAYOUT, com.google.android.accessibility.utils.Role.ROLE_SLIDING_DRAWER, com.google.android.accessibility.utils.Role.ROLE_ICON_MENU, com.google.android.accessibility.utils.Role.ROLE_TOAST, com.google.android.accessibility.utils.Role.ROLE_ALERT_DIALOG, com.google.android.accessibility.utils.Role.ROLE_DATE_PICKER_DIALOG, com.google.android.accessibility.utils.Role.ROLE_TIME_PICKER_DIALOG, com.google.android.accessibility.utils.Role.ROLE_DATE_PICKER, com.google.android.accessibility.utils.Role.ROLE_TIME_PICKER, com.google.android.accessibility.utils.Role.ROLE_NUMBER_PICKER, com.google.android.accessibility.utils.Role.ROLE_SCROLL_VIEW, com.google.android.accessibility.utils.Role.ROLE_HORIZONTAL_SCROLL_VIEW, com.google.android.accessibility.utils.Role.ROLE_KEYBOARD_KEY, com.google.android.accessibility.utils.Role.ROLE_TALKBACK_EDIT_TEXT_OVERLAY, com.google.android.accessibility.utils.Role.ROLE_TEXT_ENTRY_KEY}" />
    </annotation>
  </item>
  <item name="com.google.android.accessibility.utils.Role.RoleName">
    <annotation name="androidx.annotation.IntDef">
      <val name="value" val="{com.google.android.accessibility.utils.Role.ROLE_NONE, com.google.android.accessibility.utils.Role.ROLE_BUTTON, com.google.android.accessibility.utils.Role.ROLE_CHECK_BOX, com.google.android.accessibility.utils.Role.ROLE_CHECKED_TEXT_VIEW, com.google.android.accessibility.utils.Role.ROLE_DROP_DOWN_LIST, com.google.android.accessibility.utils.Role.ROLE_EDIT_TEXT, com.google.android.accessibility.utils.Role.ROLE_GRID, com.google.android.accessibility.utils.Role.ROLE_IMAGE, com.google.android.accessibility.utils.Role.ROLE_IMAGE_BUTTON, com.google.android.accessibility.utils.Role.ROLE_LIST, com.google.android.accessibility.utils.Role.ROLE_PAGER, com.google.android.accessibility.utils.Role.ROLE_RADIO_BUTTON, com.google.android.accessibility.utils.Role.ROLE_SEEK_CONTROL, com.google.android.accessibility.utils.Role.ROLE_SWITCH, com.google.android.accessibility.utils.Role.ROLE_TAB_BAR, com.google.android.accessibility.utils.Role.ROLE_TOGGLE_BUTTON, com.google.android.accessibility.utils.Role.ROLE_VIEW_GROUP, com.google.android.accessibility.utils.Role.ROLE_WEB_VIEW, com.google.android.accessibility.utils.Role.ROLE_PROGRESS_BAR, com.google.android.accessibility.utils.Role.ROLE_ACTION_BAR_TAB, com.google.android.accessibility.utils.Role.ROLE_DRAWER_LAYOUT, com.google.android.accessibility.utils.Role.ROLE_SLIDING_DRAWER, com.google.android.accessibility.utils.Role.ROLE_ICON_MENU, com.google.android.accessibility.utils.Role.ROLE_TOAST, com.google.android.accessibility.utils.Role.ROLE_ALERT_DIALOG, com.google.android.accessibility.utils.Role.ROLE_DATE_PICKER_DIALOG, com.google.android.accessibility.utils.Role.ROLE_TIME_PICKER_DIALOG, com.google.android.accessibility.utils.Role.ROLE_DATE_PICKER, com.google.android.accessibility.utils.Role.ROLE_TIME_PICKER, com.google.android.accessibility.utils.Role.ROLE_NUMBER_PICKER, com.google.android.accessibility.utils.Role.ROLE_SCROLL_VIEW, com.google.android.accessibility.utils.Role.ROLE_HORIZONTAL_SCROLL_VIEW, com.google.android.accessibility.utils.Role.ROLE_KEYBOARD_KEY, com.google.android.accessibility.utils.Role.ROLE_TALKBACK_EDIT_TEXT_OVERLAY, com.google.android.accessibility.utils.Role.ROLE_TEXT_ENTRY_KEY}" />
    </annotation>
  </item>
  <item name="com.google.android.accessibility.utils.WebInterfaceUtils int searchDirectionToWebNavigationDirection(android.content.Context, int) 1">
    <annotation name="androidx.annotation.IntDef">
      <val name="value" val="{com.google.android.accessibility.utils.traversal.TraversalStrategy.SEARCH_FOCUS_UNKNOWN, com.google.android.accessibility.utils.traversal.TraversalStrategy.SEARCH_FOCUS_FORWARD, com.google.android.accessibility.utils.traversal.TraversalStrategy.SEARCH_FOCUS_BACKWARD, com.google.android.accessibility.utils.traversal.TraversalStrategy.SEARCH_FOCUS_LEFT, com.google.android.accessibility.utils.traversal.TraversalStrategy.SEARCH_FOCUS_RIGHT, com.google.android.accessibility.utils.traversal.TraversalStrategy.SEARCH_FOCUS_UP, com.google.android.accessibility.utils.traversal.TraversalStrategy.SEARCH_FOCUS_DOWN}" />
    </annotation>
  </item>
</root>

